step,problem_id,db_id,n_icl,correct,cumulative_regret,mem_size
0,0,card_games,0,0,1.0000,0
1,1,codebase_community,0,0,2.0000,0
2,2,formula_1,0,0,3.0000,0
3,3,student_club,0,0,4.0000,0
4,4,california_schools,0,0,5.0000,0
5,5,toxicology,0,1,5.0000,1
6,6,european_football_2,0,1,5.0000,2
7,7,toxicology,0,0,6.0000,2
8,8,student_club,0,0,7.0000,2
9,9,california_schools,0,0,8.0000,2
10,10,california_schools,2,0,9.0000,2
11,11,student_club,2,0,10.0000,2
12,12,thrombosis_prediction,2,0,11.0000,2
13,13,thrombosis_prediction,2,0,12.0000,2
14,14,financial,2,1,12.0000,3
15,15,superhero,2,1,12.0000,4
16,16,superhero,2,1,12.0000,5
17,17,card_games,2,0,13.0000,5
18,18,superhero,2,1,13.0000,6
19,19,thrombosis_prediction,2,0,14.0000,6
20,20,california_schools,3,0,15.0000,7
21,21,student_club,3,0,16.0000,7
22,22,california_schools,3,0,17.0000,7
23,23,card_games,3,0,18.0000,7
24,24,superhero,3,1,18.0000,8
25,25,thrombosis_prediction,3,0,19.0000,8
26,26,codebase_community,3,1,19.0000,9
27,27,toxicology,3,0,20.0000,9
28,28,thrombosis_prediction,3,1,20.0000,10
29,29,codebase_community,3,1,20.0000,11
30,30,student_club,3,0,21.0000,11
31,31,thrombosis_prediction,3,0,22.0000,11
32,32,superhero,3,0,23.0000,11
33,33,student_club,3,1,23.0000,12
34,34,codebase_community,3,1,23.0000,13
35,35,thrombosis_prediction,3,0,24.0000,13
36,36,thrombosis_prediction,3,0,25.0000,13
37,37,superhero,3,0,26.0000,13
38,38,codebase_community,3,0,27.0000,13
39,39,california_schools,3,1,27.0000,14
40,40,superhero,3,1,27.0000,15
41,41,california_schools,3,0,28.0000,15
42,42,formula_1,3,0,29.0000,15
43,43,card_games,3,0,30.0000,15
44,44,formula_1,3,0,31.0000,15
45,45,toxicology,3,0,32.0000,15
46,46,superhero,3,1,32.0000,16
47,47,formula_1,3,0,33.0000,16
48,48,codebase_community,3,0,34.0000,16
49,49,codebase_community,3,1,34.0000,17
50,50,card_games,3,1,34.0000,18
51,51,student_club,3,0,35.0000,18
52,52,formula_1,3,1,35.0000,19
53,53,toxicology,3,0,36.0000,19
54,54,california_schools,3,1,36.0000,20
55,55,toxicology,3,0,37.0000,20
56,56,superhero,3,1,37.0000,21
57,57,card_games,3,0,38.0000,21
58,58,card_games,3,0,39.0000,21
59,59,superhero,3,1,39.0000,22
60,60,student_club,3,0,40.0000,23
61,61,european_football_2,3,1,40.0000,24
62,62,financial,3,0,41.0000,24
63,63,formula_1,3,0,42.0000,24
64,64,student_club,3,0,43.0000,24
65,65,financial,3,0,44.0000,24
66,66,thrombosis_prediction,3,1,44.0000,25
67,67,toxicology,3,0,45.0000,25
68,68,debit_card_specializing,3,0,46.0000,25
69,69,california_schools,3,0,47.0000,25
70,70,toxicology,3,1,47.0000,26
71,71,codebase_community,3,0,48.0000,26
72,72,student_club,3,1,48.0000,27
73,73,card_games,3,1,48.0000,28
74,74,student_club,3,1,48.0000,29
75,75,formula_1,3,0,49.0000,29
76,76,toxicology,3,0,50.0000,29
77,77,financial,3,0,51.0000,29
78,78,european_football_2,3,0,52.0000,29
79,79,card_games,3,0,53.0000,29
80,80,toxicology,3,0,54.0000,29
81,81,financial,3,0,55.0000,29
82,82,codebase_community,3,0,56.0000,29
83,83,superhero,3,1,56.0000,30
84,84,toxicology,3,0,57.0000,30
85,85,codebase_community,3,0,58.0000,30
86,86,thrombosis_prediction,3,1,58.0000,31
87,87,formula_1,3,0,59.0000,31
88,88,student_club,3,0,60.0000,31
89,89,financial,3,0,61.0000,31
90,90,superhero,3,0,62.0000,31
91,91,european_football_2,3,0,63.0000,31
92,92,card_games,3,1,63.0000,32
93,93,toxicology,3,0,64.0000,32
94,94,student_club,3,0,65.0000,32
95,95,thrombosis_prediction,3,0,66.0000,32
96,96,superhero,3,0,67.0000,32
97,97,superhero,3,1,67.0000,33
98,98,toxicology,3,0,68.0000,33
99,99,formula_1,3,1,68.0000,34
100,100,card_games,3,0,69.0000,34
101,101,toxicology,3,0,70.0000,34
102,102,card_games,3,0,71.0000,34
103,103,student_club,3,1,71.0000,35
104,104,formula_1,3,0,72.0000,35
105,105,formula_1,3,1,72.0000,36
106,106,formula_1,3,0,73.0000,36
107,107,financial,3,0,74.0000,36
108,108,card_games,3,0,75.0000,36
109,109,financial,3,0,76.0000,36
110,110,debit_card_specializing,3,1,76.0000,38
111,111,financial,3,1,76.0000,39
112,112,superhero,3,0,77.0000,39
113,113,california_schools,3,1,77.0000,40
114,114,card_games,3,1,77.0000,41
115,115,card_games,3,0,78.0000,41
116,116,thrombosis_prediction,3,0,79.0000,41
117,117,thrombosis_prediction,3,0,80.0000,41
118,118,debit_card_specializing,3,0,81.0000,41
119,119,formula_1,3,1,81.0000,42
120,120,thrombosis_prediction,3,1,81.0000,46
121,121,financial,3,0,82.0000,46
122,122,student_club,3,0,83.0000,46
123,123,codebase_community,3,0,84.0000,46
124,124,student_club,3,1,84.0000,47
125,125,card_games,3,0,85.0000,47
126,126,codebase_community,3,0,86.0000,47
127,127,card_games,3,1,86.0000,48
128,128,card_games,3,0,87.0000,48
129,129,codebase_community,3,1,87.0000,49
130,130,student_club,3,0,88.0000,49
131,131,toxicology,3,0,89.0000,49
132,132,thrombosis_prediction,3,0,90.0000,49
133,133,financial,3,0,91.0000,49
134,134,codebase_community,3,0,92.0000,49
135,135,debit_card_specializing,3,0,93.0000,49
136,136,card_games,3,0,94.0000,49
137,137,toxicology,3,0,95.0000,49
138,138,codebase_community,3,1,95.0000,50
139,139,student_club,3,0,96.0000,50
140,140,superhero,3,1,96.0000,51
141,141,thrombosis_prediction,3,0,97.0000,51
142,142,formula_1,3,0,98.0000,51
143,143,debit_card_specializing,3,0,99.0000,51
144,144,european_football_2,3,0,100.0000,51
145,145,toxicology,3,1,100.0000,52
146,146,california_schools,3,0,101.0000,52
147,147,superhero,3,1,101.0000,53
148,148,formula_1,3,0,102.0000,53
149,149,formula_1,3,0,103.0000,53
150,150,toxicology,3,0,104.0000,53
151,151,formula_1,3,1,104.0000,54
152,152,codebase_community,3,0,105.0000,54
153,153,codebase_community,3,0,106.0000,54
154,154,california_schools,3,0,107.0000,54
155,155,codebase_community,3,0,108.0000,54
156,156,card_games,3,1,108.0000,55
157,157,california_schools,3,0,109.0000,55
158,158,california_schools,3,0,110.0000,55
159,159,superhero,3,1,110.0000,56
160,160,student_club,3,1,110.0000,59
161,161,financial,3,0,111.0000,59
162,162,card_games,3,1,111.0000,60
163,163,codebase_community,3,0,112.0000,60
164,164,student_club,3,1,112.0000,61
165,165,superhero,3,1,112.0000,62
166,166,formula_1,3,0,113.0000,62
167,167,superhero,3,1,113.0000,63
168,168,card_games,3,1,113.0000,64
169,169,european_football_2,3,0,114.0000,64
170,170,superhero,3,1,114.0000,67
171,171,codebase_community,3,0,115.0000,67
172,172,financial,3,0,116.0000,67
173,173,student_club,3,0,117.0000,67
174,174,card_games,3,1,117.0000,68
175,175,toxicology,3,0,118.0000,68
176,176,california_schools,3,0,119.0000,68
177,177,student_club,3,1,119.0000,69
178,178,student_club,3,0,120.0000,69
179,179,superhero,3,0,121.0000,69
180,180,toxicology,3,1,121.0000,71
181,181,toxicology,3,0,122.0000,71
182,182,thrombosis_prediction,3,0,123.0000,71
183,183,codebase_community,3,0,124.0000,71
184,184,formula_1,3,0,125.0000,71
185,185,card_games,3,0,126.0000,71
186,186,toxicology,3,0,127.0000,71
187,187,student_club,3,1,127.0000,72
188,188,california_schools,3,1,127.0000,73
189,189,toxicology,3,0,128.0000,73
190,190,thrombosis_prediction,3,0,129.0000,73
191,191,codebase_community,3,1,129.0000,74
192,192,student_club,3,0,130.0000,74
193,193,thrombosis_prediction,3,0,131.0000,74
194,194,superhero,3,1,131.0000,75
195,195,debit_card_specializing,3,0,132.0000,75
196,196,european_football_2,3,0,133.0000,75
197,197,card_games,3,1,133.0000,76
198,198,thrombosis_prediction,3,0,134.0000,76
199,199,codebase_community,3,1,134.0000,77
200,200,debit_card_specializing,3,1,134.0000,78
201,201,superhero,3,0,135.0000,78
202,202,toxicology,3,1,135.0000,79
203,203,california_schools,3,0,136.0000,79
204,204,card_games,3,0,137.0000,79
205,205,codebase_community,3,0,138.0000,79
206,206,codebase_community,3,1,138.0000,80
207,207,card_games,3,1,138.0000,81
208,208,thrombosis_prediction,3,0,139.0000,81
209,209,thrombosis_prediction,3,0,140.0000,81
210,210,thrombosis_prediction,3,1,140.0000,82
211,211,debit_card_specializing,3,0,141.0000,82
212,212,card_games,3,0,142.0000,82
213,213,student_club,3,0,143.0000,82
214,214,formula_1,3,1,143.0000,83
215,215,student_club,3,0,144.0000,83
216,216,codebase_community,3,1,144.0000,84
217,217,card_games,3,0,145.0000,84
218,218,student_club,3,0,146.0000,84
219,219,debit_card_specializing,3,0,147.0000,84
220,220,card_games,3,1,147.0000,85
221,221,card_games,3,0,148.0000,85
222,222,thrombosis_prediction,3,0,149.0000,85
223,223,card_games,3,0,150.0000,85
224,224,student_club,3,1,150.0000,86
225,225,superhero,3,1,150.0000,87
226,226,codebase_community,3,1,150.0000,88
227,227,card_games,3,0,151.0000,88
228,228,formula_1,3,1,151.0000,89
229,229,california_schools,3,0,152.0000,89
230,230,thrombosis_prediction,3,0,153.0000,89
231,231,thrombosis_prediction,3,0,154.0000,89
232,232,debit_card_specializing,3,0,155.0000,89
233,233,formula_1,3,0,156.0000,89
234,234,thrombosis_prediction,3,0,157.0000,89
235,235,student_club,3,1,157.0000,90
236,236,student_club,3,0,158.0000,90
237,237,thrombosis_prediction,3,0,159.0000,90
238,238,card_games,3,0,160.0000,90
239,239,thrombosis_prediction,3,1,160.0000,91
240,240,european_football_2,3,0,161.0000,91
241,241,formula_1,3,0,162.0000,91
242,242,european_football_2,3,0,163.0000,91
243,243,student_club,3,1,163.0000,92
244,244,codebase_community,3,1,163.0000,93
245,245,toxicology,3,1,163.0000,94
246,246,financial,3,0,164.0000,94
247,247,student_club,3,1,164.0000,95
248,248,codebase_community,3,1,164.0000,96
249,249,codebase_community,3,1,164.0000,97
250,250,card_games,3,0,165.0000,97
251,251,card_games,3,1,165.0000,98
252,252,financial,3,0,166.0000,98
253,253,card_games,3,0,167.0000,98
254,254,financial,3,0,168.0000,98
255,255,debit_card_specializing,3,1,168.0000,99
256,256,formula_1,3,0,169.0000,99
257,257,formula_1,3,1,169.0000,100
258,258,financial,3,0,170.0000,100
259,259,california_schools,3,1,170.0000,101
260,260,thrombosis_prediction,3,0,171.0000,102
261,261,student_club,3,1,171.0000,103
262,262,codebase_community,3,1,171.0000,104
263,263,toxicology,3,0,172.0000,104
264,264,formula_1,3,0,173.0000,104
265,265,debit_card_specializing,3,0,174.0000,104
266,266,toxicology,3,1,174.0000,105
267,267,card_games,3,1,174.0000,106
268,268,formula_1,3,0,175.0000,106
269,269,student_club,3,0,176.0000,106
270,270,financial,3,0,177.0000,107
271,271,student_club,3,0,178.0000,107
272,272,formula_1,3,0,179.0000,107
273,273,superhero,3,1,179.0000,108
274,274,formula_1,3,1,179.0000,109
275,275,student_club,3,1,179.0000,110
276,276,thrombosis_prediction,3,0,180.0000,110
277,277,codebase_community,3,0,181.0000,110
278,278,thrombosis_prediction,3,0,182.0000,110
279,279,formula_1,3,1,182.0000,111
280,280,codebase_community,3,1,182.0000,113
281,281,formula_1,3,0,183.0000,113
282,282,codebase_community,3,0,184.0000,113
283,283,codebase_community,3,0,185.0000,113
284,284,toxicology,3,0,186.0000,113
285,285,thrombosis_prediction,3,0,187.0000,113
286,286,codebase_community,3,0,188.0000,113
287,287,formula_1,3,0,189.0000,113
288,288,thrombosis_prediction,3,0,190.0000,113
289,289,superhero,3,0,191.0000,113
290,290,california_schools,3,1,191.0000,114
291,291,california_schools,3,0,192.0000,114
292,292,superhero,3,1,192.0000,115
293,293,card_games,3,1,192.0000,116
294,294,card_games,3,0,193.0000,116
295,295,european_football_2,3,1,193.0000,117
296,296,financial,3,1,193.0000,118
297,297,european_football_2,3,0,194.0000,118
298,298,toxicology,3,0,195.0000,118
299,299,codebase_community,3,1,195.0000,119
300,300,codebase_community,3,1,195.0000,121
301,301,formula_1,3,1,195.0000,122
302,302,superhero,3,0,196.0000,122
303,303,card_games,3,0,197.0000,122
304,304,financial,3,1,197.0000,123
305,305,superhero,3,1,197.0000,124
306,306,california_schools,3,0,198.0000,124
307,307,formula_1,3,0,199.0000,124
308,308,european_football_2,3,1,199.0000,125
309,309,toxicology,3,0,200.0000,125
310,310,card_games,3,1,200.0000,126
311,311,thrombosis_prediction,3,0,201.0000,126
312,312,california_schools,3,1,201.0000,127
313,313,card_games,3,1,201.0000,128
314,314,codebase_community,3,0,202.0000,128
315,315,student_club,3,0,203.0000,128
316,316,financial,3,0,204.0000,128
317,317,codebase_community,3,1,204.0000,129
318,318,student_club,3,0,205.0000,129
319,319,codebase_community,3,0,206.0000,129
320,320,california_schools,3,0,207.0000,129
321,321,european_football_2,3,0,208.0000,129
322,322,card_games,3,0,209.0000,129
323,323,student_club,3,0,210.0000,129
324,324,european_football_2,3,1,210.0000,130
325,325,codebase_community,3,1,210.0000,131
326,326,superhero,3,0,211.0000,131
327,327,student_club,3,1,211.0000,132
328,328,student_club,3,0,212.0000,132
329,329,toxicology,3,0,213.0000,132
330,330,codebase_community,3,0,214.0000,132
331,331,financial,3,0,215.0000,132
332,332,superhero,3,1,215.0000,133
333,333,codebase_community,3,0,216.0000,133
334,334,financial,3,0,217.0000,133
335,335,superhero,3,0,218.0000,133
336,336,formula_1,3,1,218.0000,134
337,337,european_football_2,3,0,219.0000,134
338,338,codebase_community,3,1,219.0000,135
339,339,formula_1,3,0,220.0000,135
340,340,formula_1,3,1,220.0000,136
341,341,codebase_community,3,0,221.0000,136
342,342,card_games,3,0,222.0000,136
343,343,student_club,3,0,223.0000,136
344,344,thrombosis_prediction,3,1,223.0000,137
345,345,codebase_community,3,0,224.0000,137
346,346,thrombosis_prediction,3,0,225.0000,137
347,347,codebase_community,3,1,225.0000,138
348,348,student_club,3,1,225.0000,139
349,349,codebase_community,3,1,225.0000,140
350,350,card_games,3,0,226.0000,140
351,351,california_schools,3,0,227.0000,140
352,352,toxicology,3,0,228.0000,140
353,353,thrombosis_prediction,3,0,229.0000,140
354,354,debit_card_specializing,3,0,230.0000,140
355,355,thrombosis_prediction,3,0,231.0000,140
356,356,toxicology,3,1,231.0000,141
357,357,student_club,3,0,232.0000,141
358,358,california_schools,3,0,233.0000,141
359,359,codebase_community,3,0,234.0000,141
360,360,european_football_2,3,0,235.0000,141
361,361,student_club,3,1,235.0000,142
362,362,student_club,3,1,235.0000,143
363,363,codebase_community,3,0,236.0000,143
364,364,codebase_community,3,0,237.0000,143
365,365,toxicology,3,0,238.0000,143
366,366,thrombosis_prediction,3,0,239.0000,143
367,367,toxicology,3,0,240.0000,143
368,368,european_football_2,3,1,240.0000,144
369,369,thrombosis_prediction,3,0,241.0000,144
370,370,codebase_community,3,1,241.0000,147
371,371,european_football_2,3,0,242.0000,147
372,372,student_club,3,1,242.0000,148
373,373,thrombosis_prediction,3,0,243.0000,148
374,374,card_games,3,0,244.0000,148
375,375,toxicology,3,0,245.0000,148
376,376,student_club,3,1,245.0000,149
377,377,thrombosis_prediction,3,0,246.0000,149
378,378,debit_card_specializing,3,0,247.0000,149
379,379,financial,3,0,248.0000,149
380,380,california_schools,3,0,249.0000,149
381,381,formula_1,3,0,250.0000,149
382,382,superhero,3,1,250.0000,150
383,383,codebase_community,3,0,251.0000,150
384,384,thrombosis_prediction,3,0,252.0000,150
385,385,codebase_community,3,0,253.0000,150
386,386,formula_1,3,0,254.0000,150
387,387,thrombosis_prediction,3,0,255.0000,150
388,388,debit_card_specializing,3,1,255.0000,151
389,389,formula_1,3,0,256.0000,151
390,390,financial,3,1,256.0000,152
391,391,card_games,3,0,257.0000,152
392,392,toxicology,3,0,258.0000,152
393,393,codebase_community,3,0,259.0000,152
394,394,financial,3,0,260.0000,152
395,395,thrombosis_prediction,3,0,261.0000,152
396,396,toxicology,3,0,262.0000,152
397,397,formula_1,3,0,263.0000,152
398,398,card_games,3,1,263.0000,153
399,399,card_games,3,0,264.0000,153
400,400,formula_1,3,1,264.0000,155
401,401,debit_card_specializing,3,0,265.0000,155
402,402,codebase_community,3,0,266.0000,155
403,403,formula_1,3,0,267.0000,155
404,404,toxicology,3,1,267.0000,156
405,405,codebase_community,3,0,268.0000,156
406,406,codebase_community,3,0,269.0000,156
407,407,card_games,3,0,270.0000,156
408,408,debit_card_specializing,3,1,270.0000,157
409,409,debit_card_specializing,3,0,271.0000,157
410,410,toxicology,3,0,272.0000,159
411,411,superhero,3,1,272.0000,160
412,412,thrombosis_prediction,3,0,273.0000,160
413,413,codebase_community,3,0,274.0000,160
414,414,codebase_community,3,1,274.0000,161
415,415,thrombosis_prediction,3,0,275.0000,161
416,416,codebase_community,3,0,276.0000,161
417,417,card_games,3,0,277.0000,161
418,418,toxicology,3,0,278.0000,161
419,419,card_games,3,0,279.0000,161
420,420,formula_1,3,0,280.0000,162
421,421,thrombosis_prediction,3,0,281.0000,162
422,422,card_games,3,0,282.0000,162
423,423,student_club,3,1,282.0000,163
424,424,codebase_community,3,0,283.0000,163
425,425,codebase_community,3,0,284.0000,163
426,426,european_football_2,3,1,284.0000,164
427,427,card_games,3,0,285.0000,164
428,428,california_schools,3,0,286.0000,164
429,429,card_games,3,0,287.0000,164
430,430,codebase_community,3,1,287.0000,165
431,431,superhero,3,0,288.0000,165
432,432,formula_1,3,0,289.0000,165
433,433,card_games,3,0,290.0000,165
434,434,codebase_community,3,0,291.0000,165
435,435,european_football_2,3,0,292.0000,165
436,436,california_schools,3,0,293.0000,165
437,437,financial,3,0,294.0000,165
438,438,european_football_2,3,0,295.0000,165
439,439,formula_1,3,0,296.0000,165
440,440,thrombosis_prediction,3,0,297.0000,165
441,441,formula_1,3,0,298.0000,165
442,442,thrombosis_prediction,3,0,299.0000,165
443,443,toxicology,3,0,300.0000,165
444,444,european_football_2,3,0,301.0000,165
445,445,thrombosis_prediction,3,1,301.0000,166
446,446,superhero,3,1,301.0000,167
447,447,formula_1,3,1,301.0000,168
448,448,toxicology,3,0,302.0000,168
449,449,financial,3,0,303.0000,168
450,450,thrombosis_prediction,3,0,304.0000,168
451,451,financial,3,0,305.0000,168
452,452,toxicology,3,0,306.0000,168
453,453,european_football_2,3,0,307.0000,168
454,454,toxicology,3,0,308.0000,168
455,455,student_club,3,0,309.0000,168
456,456,codebase_community,3,0,310.0000,168
457,457,card_games,3,0,311.0000,168
458,458,european_football_2,3,0,312.0000,168
459,459,codebase_community,3,0,313.0000,168
460,460,student_club,3,0,314.0000,169
461,461,toxicology,3,0,315.0000,169
462,462,formula_1,3,0,316.0000,169
463,463,european_football_2,3,1,316.0000,170
464,464,european_football_2,3,0,317.0000,170
465,465,european_football_2,3,1,317.0000,171
466,466,student_club,3,1,317.0000,172
467,467,card_games,3,0,318.0000,172
468,468,toxicology,3,0,319.0000,172
469,469,card_games,3,0,320.0000,172
470,470,formula_1,3,0,321.0000,172
471,471,toxicology,3,1,321.0000,173
472,472,formula_1,3,0,322.0000,173
473,473,student_club,3,1,322.0000,174
474,474,codebase_community,3,1,322.0000,175
475,475,toxicology,3,1,322.0000,176
476,476,superhero,3,1,322.0000,177
477,477,toxicology,3,0,323.0000,177
478,478,card_games,3,1,323.0000,178
479,479,financial,3,0,324.0000,178
480,480,superhero,3,1,324.0000,180
481,481,codebase_community,3,1,324.0000,181
482,482,european_football_2,3,1,324.0000,182
483,483,european_football_2,3,0,325.0000,182
484,484,codebase_community,3,0,326.0000,182
485,485,toxicology,3,0,327.0000,182
486,486,european_football_2,3,0,328.0000,182
487,487,codebase_community,3,1,328.0000,183
488,488,thrombosis_prediction,3,0,329.0000,183
489,489,formula_1,3,0,330.0000,183
490,490,formula_1,3,0,331.0000,184
491,491,superhero,3,0,332.0000,184
492,492,european_football_2,3,0,333.0000,184
493,493,debit_card_specializing,3,0,334.0000,184
494,494,european_football_2,3,1,334.0000,185
495,495,toxicology,3,0,335.0000,185
496,496,card_games,3,0,336.0000,185
497,497,formula_1,3,0,337.0000,185
498,498,thrombosis_prediction,3,0,338.0000,185
499,499,formula_1,3,1,338.0000,186
500,500,codebase_community,3,1,338.0000,187
501,501,card_games,3,0,339.0000,187
502,502,financial,3,0,340.0000,187
503,503,toxicology,3,1,340.0000,188
504,504,card_games,3,0,341.0000,188
505,505,card_games,3,0,342.0000,188
506,506,codebase_community,3,1,342.0000,189
507,507,toxicology,3,1,342.0000,190
508,508,debit_card_specializing,3,0,343.0000,190
509,509,card_games,3,0,344.0000,190
510,510,european_football_2,3,1,344.0000,193
511,511,card_games,3,1,344.0000,194
512,512,formula_1,3,0,345.0000,194
513,513,thrombosis_prediction,3,0,346.0000,194
514,514,superhero,3,1,346.0000,195
515,515,codebase_community,3,1,346.0000,196
516,516,thrombosis_prediction,3,0,347.0000,196
517,517,codebase_community,3,1,347.0000,197
518,518,codebase_community,3,0,348.0000,197
519,519,california_schools,3,0,349.0000,197
520,520,european_football_2,3,1,349.0000,199
521,521,toxicology,3,0,350.0000,199
522,522,superhero,3,0,351.0000,199
523,523,european_football_2,3,0,352.0000,199
524,524,student_club,3,1,352.0000,200
525,525,toxicology,3,0,353.0000,200
526,526,formula_1,3,1,353.0000,201
527,527,formula_1,3,1,353.0000,202
528,528,formula_1,3,1,353.0000,203
529,529,superhero,3,1,353.0000,204
530,530,card_games,3,0,354.0000,204
531,531,codebase_community,3,0,355.0000,204
532,532,european_football_2,3,1,355.0000,205
533,533,thrombosis_prediction,3,0,356.0000,205
534,534,superhero,3,1,356.0000,206
535,535,thrombosis_prediction,3,0,357.0000,206
536,536,california_schools,3,0,358.0000,206
537,537,superhero,3,1,358.0000,207
538,538,thrombosis_prediction,3,0,359.0000,207
539,539,student_club,3,1,359.0000,208
540,540,european_football_2,3,0,360.0000,208
541,541,card_games,3,0,361.0000,208
542,542,superhero,3,1,361.0000,209
543,543,student_club,3,1,361.0000,210
544,544,superhero,3,1,361.0000,211
545,545,european_football_2,3,1,361.0000,212
546,546,card_games,3,0,362.0000,212
547,547,european_football_2,3,0,363.0000,212
548,548,financial,3,0,364.0000,212
549,549,superhero,3,1,364.0000,213
550,550,student_club,3,0,365.0000,214
551,551,thrombosis_prediction,3,0,366.0000,214
552,552,toxicology,3,0,367.0000,214
553,553,financial,3,0,368.0000,214
554,554,codebase_community,3,0,369.0000,214
555,555,student_club,3,0,370.0000,214
556,556,toxicology,3,0,371.0000,214
557,557,formula_1,3,1,371.0000,215
558,558,formula_1,3,0,372.0000,215
559,559,formula_1,3,0,373.0000,215
560,560,thrombosis_prediction,3,0,374.0000,215
561,561,california_schools,3,0,375.0000,215
562,562,financial,3,0,376.0000,215
563,563,california_schools,3,1,376.0000,216
564,564,student_club,3,1,376.0000,217
565,565,card_games,3,1,376.0000,218
566,566,european_football_2,3,0,377.0000,218
567,567,toxicology,3,0,378.0000,218
568,568,toxicology,3,0,379.0000,218
569,569,financial,3,0,380.0000,218
570,570,thrombosis_prediction,3,0,381.0000,218
571,571,toxicology,3,0,382.0000,218
572,572,financial,3,0,383.0000,218
573,573,european_football_2,3,0,384.0000,218
574,574,thrombosis_prediction,3,1,384.0000,219
575,575,thrombosis_prediction,3,0,385.0000,219
576,576,student_club,3,0,386.0000,219
577,577,superhero,3,1,386.0000,220
578,578,formula_1,3,0,387.0000,220
579,579,european_football_2,3,0,388.0000,220
580,580,debit_card_specializing,3,0,389.0000,222
581,581,card_games,3,0,390.0000,222
582,582,toxicology,3,0,391.0000,222
583,583,european_football_2,3,0,392.0000,222
584,584,california_schools,3,0,393.0000,222
585,585,card_games,3,0,394.0000,222
586,586,toxicology,3,0,395.0000,222
587,587,superhero,3,1,395.0000,223
588,588,california_schools,3,0,396.0000,223
589,589,european_football_2,3,1,396.0000,224
590,590,thrombosis_prediction,3,0,397.0000,224
591,591,european_football_2,3,1,397.0000,225
592,592,codebase_community,3,1,397.0000,226
593,593,toxicology,3,1,397.0000,227
594,594,codebase_community,3,1,397.0000,228
595,595,thrombosis_prediction,3,0,398.0000,228
596,596,formula_1,3,0,399.0000,228
597,597,codebase_community,3,0,400.0000,228
598,598,codebase_community,3,0,401.0000,228
599,599,california_schools,3,0,402.0000,228
600,600,debit_card_specializing,3,1,402.0000,229
601,601,superhero,3,0,403.0000,229
602,602,codebase_community,3,0,404.0000,229
603,603,student_club,3,1,404.0000,230
604,604,formula_1,3,1,404.0000,231
605,605,financial,3,0,405.0000,231
606,606,thrombosis_prediction,3,0,406.0000,231
607,607,european_football_2,3,0,407.0000,231
608,608,codebase_community,3,1,407.0000,232
609,609,student_club,3,0,408.0000,232
610,610,superhero,3,1,408.0000,235
611,611,formula_1,3,1,408.0000,236
612,612,card_games,3,0,409.0000,236
613,613,thrombosis_prediction,3,0,410.0000,236
614,614,european_football_2,3,0,411.0000,236
615,615,california_schools,3,0,412.0000,236
616,616,formula_1,3,1,412.0000,237
617,617,card_games,3,0,413.0000,237
618,618,toxicology,3,1,413.0000,238
619,619,card_games,3,1,413.0000,239
620,620,toxicology,3,0,414.0000,239
621,621,formula_1,3,1,414.0000,240
622,622,formula_1,3,0,415.0000,240
623,623,toxicology,3,1,415.0000,241
624,624,card_games,3,1,415.0000,242
625,625,student_club,3,0,416.0000,242
626,626,debit_card_specializing,3,0,417.0000,242
627,627,thrombosis_prediction,3,1,417.0000,243
628,628,formula_1,3,1,417.0000,244
629,629,california_schools,3,0,418.0000,244
630,630,toxicology,3,0,419.0000,246
631,631,codebase_community,3,0,420.0000,246
632,632,european_football_2,3,0,421.0000,246
633,633,student_club,3,0,422.0000,246
634,634,financial,3,1,422.0000,247
635,635,european_football_2,3,1,422.0000,248
636,636,card_games,3,0,423.0000,248
637,637,thrombosis_prediction,3,0,424.0000,248
638,638,student_club,3,1,424.0000,249
639,639,thrombosis_prediction,3,0,425.0000,249
640,640,superhero,3,1,425.0000,250
641,641,thrombosis_prediction,3,0,426.0000,250
642,642,codebase_community,3,1,426.0000,251
643,643,european_football_2,3,1,426.0000,252
644,644,formula_1,3,0,427.0000,252
645,645,european_football_2,3,1,427.0000,253
646,646,california_schools,3,0,428.0000,253
647,647,toxicology,3,0,429.0000,253
648,648,european_football_2,3,1,429.0000,254
649,649,card_games,3,0,430.0000,254
650,650,formula_1,3,0,431.0000,255
651,651,superhero,3,1,431.0000,256
652,652,formula_1,3,0,432.0000,256
653,653,thrombosis_prediction,3,0,433.0000,256
654,654,formula_1,3,0,434.0000,256
655,655,financial,3,1,434.0000,257
656,656,card_games,3,0,435.0000,257
657,657,thrombosis_prediction,3,0,436.0000,257
658,658,formula_1,3,1,436.0000,258
659,659,formula_1,3,0,437.0000,258
660,660,financial,3,0,438.0000,259
661,661,codebase_community,3,0,439.0000,259
662,662,toxicology,3,0,440.0000,259
663,663,codebase_community,3,1,440.0000,260
664,664,toxicology,3,0,441.0000,260
665,665,financial,3,0,442.0000,260
666,666,student_club,3,0,443.0000,260
667,667,student_club,3,1,443.0000,261
668,668,thrombosis_prediction,3,0,444.0000,261
669,669,student_club,3,1,444.0000,262
670,670,card_games,3,0,445.0000,262
671,671,codebase_community,3,0,446.0000,262
672,672,thrombosis_prediction,3,0,447.0000,262
673,673,superhero,3,1,447.0000,263
674,674,card_games,3,0,448.0000,263
675,675,student_club,3,0,449.0000,263
676,676,thrombosis_prediction,3,0,450.0000,263
677,677,toxicology,3,0,451.0000,263
678,678,student_club,3,0,452.0000,263
679,679,card_games,3,0,453.0000,263
680,680,toxicology,3,1,453.0000,264
681,681,student_club,3,1,453.0000,265
682,682,formula_1,3,0,454.0000,265
683,683,codebase_community,3,0,455.0000,265
684,684,california_schools,3,0,456.0000,265
685,685,european_football_2,3,0,457.0000,265
686,686,european_football_2,3,0,458.0000,265
687,687,formula_1,3,0,459.0000,265
688,688,codebase_community,3,1,459.0000,266
689,689,european_football_2,3,1,459.0000,267
690,690,superhero,3,1,459.0000,268
691,691,codebase_community,3,1,459.0000,269
692,692,california_schools,3,0,460.0000,269
693,693,formula_1,3,0,461.0000,269
694,694,financial,3,0,462.0000,269
695,695,codebase_community,3,1,462.0000,270
696,696,student_club,3,0,463.0000,270
697,697,financial,3,0,464.0000,270
698,698,financial,3,0,465.0000,270
699,699,card_games,3,0,466.0000,270
700,700,superhero,3,1,466.0000,272
701,701,toxicology,3,1,466.0000,273
702,702,california_schools,3,0,467.0000,273
703,703,codebase_community,3,1,467.0000,274
704,704,toxicology,3,0,468.0000,274
705,705,card_games,3,1,468.0000,275
706,706,european_football_2,3,0,469.0000,275
707,707,financial,3,0,470.0000,275
708,708,formula_1,3,1,470.0000,276
709,709,student_club,3,1,470.0000,277
710,710,toxicology,3,0,471.0000,278
711,711,toxicology,3,0,472.0000,278
712,712,card_games,3,0,473.0000,278
713,713,superhero,3,1,473.0000,279
714,714,card_games,3,0,474.0000,279
715,715,european_football_2,3,1,474.0000,280
716,716,card_games,3,0,475.0000,280
717,717,superhero,3,1,475.0000,281
718,718,student_club,3,1,475.0000,282
719,719,card_games,3,1,475.0000,283
720,720,european_football_2,3,0,476.0000,283
721,721,toxicology,3,0,477.0000,283
722,722,formula_1,3,0,478.0000,283
723,723,superhero,3,0,479.0000,283
724,724,student_club,3,0,480.0000,283
725,725,european_football_2,3,0,481.0000,283
726,726,codebase_community,3,1,481.0000,284
727,727,thrombosis_prediction,3,0,482.0000,284
728,728,european_football_2,3,0,483.0000,284
729,729,student_club,3,1,483.0000,285
730,730,student_club,3,0,484.0000,285
731,731,debit_card_specializing,3,1,484.0000,286
732,732,formula_1,3,0,485.0000,286
733,733,superhero,3,1,485.0000,287
734,734,toxicology,3,0,486.0000,287
735,735,codebase_community,3,0,487.0000,287
736,736,codebase_community,3,1,487.0000,288
737,737,european_football_2,3,0,488.0000,288
738,738,card_games,3,0,489.0000,288
739,739,european_football_2,3,0,490.0000,288
740,740,superhero,3,0,491.0000,289
741,741,formula_1,3,0,492.0000,289
742,742,california_schools,3,0,493.0000,289
743,743,codebase_community,3,1,493.0000,290
744,744,codebase_community,3,0,494.0000,290
745,745,debit_card_specializing,3,0,495.0000,290
746,746,toxicology,3,0,496.0000,290
747,747,toxicology,3,0,497.0000,290
748,748,european_football_2,3,0,498.0000,290
749,749,thrombosis_prediction,3,0,499.0000,290
750,750,codebase_community,3,0,500.0000,291
751,751,student_club,3,1,500.0000,292
752,752,superhero,3,1,500.0000,293
753,753,superhero,3,1,500.0000,294
754,754,formula_1,3,0,501.0000,294
755,755,codebase_community,3,0,502.0000,294
756,756,european_football_2,3,1,502.0000,295
757,757,financial,3,0,503.0000,295
758,758,thrombosis_prediction,3,0,504.0000,295
759,759,card_games,3,0,505.0000,295
760,760,european_football_2,3,0,506.0000,296
761,761,financial,3,0,507.0000,296
762,762,european_football_2,3,1,507.0000,297
763,763,california_schools,3,0,508.0000,297
764,764,student_club,3,1,508.0000,298
765,765,card_games,3,1,508.0000,299
766,766,card_games,3,0,509.0000,299
767,767,debit_card_specializing,3,0,510.0000,299
768,768,student_club,3,1,510.0000,300
769,769,card_games,3,0,511.0000,300
770,770,thrombosis_prediction,3,0,512.0000,300
771,771,card_games,3,1,512.0000,301
772,772,student_club,3,1,512.0000,302
773,773,financial,3,1,512.0000,303
774,774,codebase_community,3,0,513.0000,303
775,775,superhero,3,1,513.0000,304
776,776,toxicology,3,0,514.0000,304
777,777,toxicology,3,0,515.0000,304
778,778,formula_1,3,1,515.0000,305
779,779,european_football_2,3,0,516.0000,305
780,780,formula_1,3,0,517.0000,305
781,781,card_games,3,1,517.0000,306
782,782,thrombosis_prediction,3,0,518.0000,306
783,783,formula_1,3,0,519.0000,306
784,784,card_games,3,0,520.0000,306
785,785,toxicology,3,0,521.0000,306
786,786,student_club,3,0,522.0000,306
787,787,superhero,3,1,522.0000,307
788,788,thrombosis_prediction,3,0,523.0000,307
789,789,toxicology,3,0,524.0000,307
790,790,superhero,3,1,524.0000,310
791,791,codebase_community,3,0,525.0000,310
792,792,toxicology,3,0,526.0000,310
793,793,card_games,3,1,526.0000,311
794,794,financial,3,0,527.0000,311
795,795,toxicology,3,1,527.0000,312
796,796,superhero,3,1,527.0000,313
797,797,california_schools,3,0,528.0000,313
798,798,toxicology,3,1,528.0000,314
799,799,california_schools,3,0,529.0000,314
800,800,toxicology,3,0,530.0000,315
801,801,card_games,3,1,530.0000,316
802,802,student_club,3,1,530.0000,317
803,803,financial,3,1,530.0000,318
804,804,student_club,3,1,530.0000,319
805,805,student_club,3,1,530.0000,320
806,806,student_club,3,0,531.0000,320
807,807,thrombosis_prediction,3,0,532.0000,320
808,808,card_games,3,0,533.0000,320
809,809,financial,3,0,534.0000,320
810,810,codebase_community,3,1,534.0000,321
811,811,superhero,3,1,534.0000,322
812,812,codebase_community,3,0,535.0000,322
813,813,financial,3,0,536.0000,322
814,814,card_games,3,0,537.0000,322
815,815,formula_1,3,0,538.0000,322
816,816,codebase_community,3,0,539.0000,322
817,817,thrombosis_prediction,3,0,540.0000,322
818,818,codebase_community,3,0,541.0000,322
819,819,codebase_community,3,1,541.0000,323
820,820,toxicology,3,0,542.0000,323
821,821,superhero,3,1,542.0000,324
822,822,thrombosis_prediction,3,0,543.0000,324
823,823,california_schools,3,0,544.0000,324
824,824,codebase_community,3,0,545.0000,324
825,825,card_games,3,0,546.0000,324
826,826,debit_card_specializing,3,0,547.0000,324
827,827,formula_1,3,0,548.0000,324
828,828,european_football_2,3,1,548.0000,325
829,829,european_football_2,3,0,549.0000,325
830,830,financial,3,1,549.0000,327
831,831,thrombosis_prediction,3,0,550.0000,327
832,832,thrombosis_prediction,3,0,551.0000,327
833,833,student_club,3,0,552.0000,327
834,834,california_schools,3,0,553.0000,327
835,835,toxicology,3,0,554.0000,327
836,836,european_football_2,3,0,555.0000,327
837,837,california_schools,3,0,556.0000,327
838,838,student_club,3,1,556.0000,328
839,839,financial,3,0,557.0000,328
840,840,superhero,3,0,558.0000,328
841,841,formula_1,3,0,559.0000,328
842,842,thrombosis_prediction,3,0,560.0000,328
843,843,superhero,3,1,560.0000,329
844,844,california_schools,3,0,561.0000,329
845,845,card_games,3,0,562.0000,329
846,846,toxicology,3,0,563.0000,329
847,847,student_club,3,1,563.0000,330
848,848,toxicology,3,0,564.0000,330
849,849,financial,3,0,565.0000,330
850,850,codebase_community,3,1,565.0000,331
851,851,card_games,3,0,566.0000,331
852,852,european_football_2,3,1,566.0000,332
853,853,thrombosis_prediction,3,0,567.0000,332
854,854,student_club,3,1,567.0000,333
855,855,superhero,3,1,567.0000,334
856,856,formula_1,3,0,568.0000,334
857,857,student_club,3,1,568.0000,335
858,858,toxicology,3,1,568.0000,336
859,859,toxicology,3,0,569.0000,336
860,860,card_games,3,0,570.0000,336
861,861,thrombosis_prediction,3,0,571.0000,336
862,862,codebase_community,3,1,571.0000,337
863,863,student_club,3,1,571.0000,338
864,864,formula_1,3,1,571.0000,339
865,865,card_games,3,1,571.0000,340
866,866,toxicology,3,1,571.0000,341
867,867,formula_1,3,0,572.0000,341
868,868,toxicology,3,0,573.0000,341
869,869,european_football_2,3,0,574.0000,341
870,870,formula_1,3,1,574.0000,343
871,871,thrombosis_prediction,3,0,575.0000,343
872,872,toxicology,3,0,576.0000,343
873,873,student_club,3,0,577.0000,343
874,874,formula_1,3,0,578.0000,343
875,875,formula_1,3,1,578.0000,344
876,876,card_games,3,0,579.0000,344
877,877,thrombosis_prediction,3,0,580.0000,344
878,878,superhero,3,1,580.0000,345
879,879,toxicology,3,0,581.0000,345
880,880,student_club,3,1,581.0000,346
881,881,debit_card_specializing,3,1,581.0000,347
882,882,european_football_2,3,1,581.0000,348
883,883,student_club,3,1,581.0000,349
884,884,toxicology,3,0,582.0000,349
885,885,formula_1,3,0,583.0000,349
886,886,european_football_2,3,0,584.0000,349
887,887,thrombosis_prediction,3,0,585.0000,349
888,888,card_games,3,1,585.0000,350
889,889,codebase_community,3,0,586.0000,350
890,890,toxicology,3,0,587.0000,350
891,891,california_schools,3,0,588.0000,350
892,892,student_club,3,0,589.0000,350
893,893,european_football_2,3,1,589.0000,351
894,894,card_games,3,0,590.0000,351
895,895,student_club,3,0,591.0000,351
896,896,superhero,3,1,591.0000,352
897,897,card_games,3,0,592.0000,352
898,898,california_schools,3,0,593.0000,352
899,899,toxicology,3,0,594.0000,352
900,900,superhero,3,1,594.0000,353
901,901,european_football_2,3,0,595.0000,353
902,902,financial,3,1,595.0000,354
903,903,financial,3,0,596.0000,354
904,904,formula_1,3,0,597.0000,354
905,905,toxicology,3,0,598.0000,354
906,906,card_games,3,0,599.0000,354
907,907,european_football_2,3,0,600.0000,354
908,908,student_club,3,1,600.0000,355
909,909,california_schools,3,0,601.0000,355
910,910,toxicology,3,0,602.0000,355
911,911,toxicology,3,1,602.0000,356
912,912,superhero,3,1,602.0000,357
913,913,thrombosis_prediction,3,0,603.0000,357
914,914,european_football_2,3,1,603.0000,358
915,915,financial,3,0,604.0000,358
916,916,debit_card_specializing,3,0,605.0000,358
917,917,debit_card_specializing,3,1,605.0000,359
918,918,formula_1,3,0,606.0000,359
919,919,european_football_2,3,1,606.0000,360
920,920,debit_card_specializing,3,1,606.0000,361
921,921,european_football_2,3,1,606.0000,362
922,922,european_football_2,3,1,606.0000,363
923,923,codebase_community,3,0,607.0000,363
924,924,thrombosis_prediction,3,0,608.0000,363
925,925,california_schools,3,1,608.0000,364
926,926,thrombosis_prediction,3,0,609.0000,364
927,927,codebase_community,3,0,610.0000,364
928,928,student_club,3,1,610.0000,365
929,929,codebase_community,3,0,611.0000,365
930,930,formula_1,3,1,611.0000,366
931,931,european_football_2,3,0,612.0000,366
932,932,superhero,3,0,613.0000,366
933,933,thrombosis_prediction,3,1,613.0000,367
934,934,european_football_2,3,0,614.0000,367
935,935,student_club,3,0,615.0000,367
936,936,codebase_community,3,1,615.0000,368
937,937,superhero,3,1,615.0000,369
938,938,card_games,3,0,616.0000,369
939,939,codebase_community,3,0,617.0000,369
940,940,financial,3,1,617.0000,370
941,941,thrombosis_prediction,3,1,617.0000,371
942,942,codebase_community,3,1,617.0000,372
943,943,european_football_2,3,1,617.0000,373
944,944,card_games,3,0,618.0000,373
945,945,toxicology,3,0,619.0000,373
946,946,formula_1,3,1,619.0000,374
947,947,debit_card_specializing,3,0,620.0000,374
948,948,european_football_2,3,1,620.0000,375
949,949,card_games,3,0,621.0000,375
950,950,card_games,3,1,621.0000,377
951,951,superhero,3,0,622.0000,377
952,952,student_club,3,1,622.0000,378
953,953,thrombosis_prediction,3,0,623.0000,378
954,954,california_schools,3,0,624.0000,378
955,955,card_games,3,0,625.0000,378
956,956,european_football_2,3,1,625.0000,379
957,957,european_football_2,3,1,625.0000,380
958,958,thrombosis_prediction,3,0,626.0000,380
959,959,financial,3,1,626.0000,381
960,960,codebase_community,3,0,627.0000,382
961,961,card_games,3,1,627.0000,383
962,962,codebase_community,3,0,628.0000,383
963,963,financial,3,0,629.0000,383
964,964,california_schools,3,1,629.0000,384
965,965,european_football_2,3,1,629.0000,385
966,966,european_football_2,3,0,630.0000,385
967,967,card_games,3,0,631.0000,385
968,968,formula_1,3,0,632.0000,385
969,969,formula_1,3,1,632.0000,386
970,970,financial,3,1,632.0000,387
971,971,toxicology,3,0,633.0000,387
972,972,student_club,3,1,633.0000,388
973,973,european_football_2,3,1,633.0000,389
974,974,codebase_community,3,1,633.0000,390
975,975,card_games,3,0,634.0000,390
976,976,card_games,3,0,635.0000,390
977,977,student_club,3,0,636.0000,390
978,978,european_football_2,3,1,636.0000,391
979,979,thrombosis_prediction,3,0,637.0000,391
980,980,thrombosis_prediction,3,0,638.0000,392
981,981,card_games,3,0,639.0000,392
982,982,superhero,3,0,640.0000,392
983,983,formula_1,3,1,640.0000,393
984,984,formula_1,3,1,640.0000,394
985,985,european_football_2,3,1,640.0000,395
986,986,thrombosis_prediction,3,0,641.0000,395
987,987,superhero,3,0,642.0000,395
988,988,card_games,3,0,643.0000,395
989,989,toxicology,3,0,644.0000,395
990,990,financial,3,1,644.0000,396
991,991,california_schools,3,1,644.0000,397
992,992,california_schools,3,1,644.0000,398
993,993,card_games,3,0,645.0000,398
994,994,superhero,3,1,645.0000,399
995,995,thrombosis_prediction,3,0,646.0000,399
996,996,card_games,3,0,647.0000,399
997,997,codebase_community,3,0,648.0000,399
998,998,formula_1,3,0,649.0000,399
999,999,student_club,3,1,649.0000,400
1000,1000,student_club,3,0,650.0000,400
1001,1001,superhero,3,1,650.0000,401
1002,1002,formula_1,3,1,650.0000,402
1003,1003,financial,3,1,650.0000,403
1004,1004,thrombosis_prediction,3,0,651.0000,403
1005,1005,card_games,3,0,652.0000,403
1006,1006,card_games,3,0,653.0000,403
1007,1007,card_games,3,0,654.0000,403
1008,1008,thrombosis_prediction,3,0,655.0000,403
1009,1009,thrombosis_prediction,3,0,656.0000,403
1010,1010,codebase_community,3,0,657.0000,403
1011,1011,toxicology,3,0,658.0000,403
1012,1012,california_schools,3,0,659.0000,403
1013,1013,financial,3,0,660.0000,403
1014,1014,formula_1,3,1,660.0000,404
1015,1015,european_football_2,3,0,661.0000,404
1016,1016,formula_1,3,1,661.0000,405
1017,1017,codebase_community,3,1,661.0000,406
1018,1018,student_club,3,1,661.0000,407
1019,1019,student_club,3,1,661.0000,408
1020,1020,california_schools,3,0,662.0000,408
1021,1021,formula_1,3,0,663.0000,408
1022,1022,student_club,3,0,664.0000,408
1023,1023,codebase_community,3,1,664.0000,409
1024,1024,thrombosis_prediction,3,0,665.0000,409
1025,1025,financial,3,0,666.0000,409
1026,1026,california_schools,3,1,666.0000,410
1027,1027,thrombosis_prediction,3,0,667.0000,410
1028,1028,codebase_community,3,0,668.0000,410
1029,1029,california_schools,3,0,669.0000,410
1030,1030,card_games,3,0,670.0000,410
1031,1031,student_club,3,1,670.0000,411
1032,1032,financial,3,1,670.0000,412
1033,1033,debit_card_specializing,3,0,671.0000,412
1034,1034,superhero,3,0,672.0000,412
1035,1035,superhero,3,1,672.0000,413
1036,1036,thrombosis_prediction,3,0,673.0000,413
1037,1037,thrombosis_prediction,3,0,674.0000,413
1038,1038,card_games,3,0,675.0000,413
1039,1039,financial,3,0,676.0000,413
1040,1040,card_games,3,0,677.0000,413
1041,1041,european_football_2,3,0,678.0000,413
1042,1042,student_club,3,0,679.0000,413
1043,1043,financial,3,0,680.0000,413
1044,1044,formula_1,3,0,681.0000,413
1045,1045,debit_card_specializing,3,0,682.0000,413
1046,1046,codebase_community,3,0,683.0000,413
1047,1047,codebase_community,3,0,684.0000,413
1048,1048,student_club,3,0,685.0000,413
1049,1049,card_games,3,0,686.0000,413
1050,1050,superhero,3,0,687.0000,413
1051,1051,european_football_2,3,0,688.0000,413
1052,1052,toxicology,3,1,688.0000,414
1053,1053,card_games,3,0,689.0000,414
1054,1054,superhero,3,0,690.0000,414
1055,1055,student_club,3,1,690.0000,415
1056,1056,thrombosis_prediction,3,0,691.0000,415
1057,1057,formula_1,3,0,692.0000,415
1058,1058,formula_1,3,0,693.0000,415
1059,1059,codebase_community,3,1,693.0000,416
1060,1060,student_club,3,0,694.0000,416
1061,1061,formula_1,3,1,694.0000,417
1062,1062,card_games,3,0,695.0000,417
1063,1063,formula_1,3,0,696.0000,417
1064,1064,card_games,3,0,697.0000,417
1065,1065,formula_1,3,0,698.0000,417
1066,1066,toxicology,3,1,698.0000,418
1067,1067,superhero,3,1,698.0000,419
1068,1068,european_football_2,3,1,698.0000,420
1069,1069,european_football_2,3,1,698.0000,421
1070,1070,codebase_community,3,0,699.0000,421
1071,1071,codebase_community,3,0,700.0000,421
1072,1072,european_football_2,3,0,701.0000,421
1073,1073,financial,3,0,702.0000,421
1074,1074,formula_1,3,1,702.0000,422
1075,1075,card_games,3,0,703.0000,422
1076,1076,toxicology,3,0,704.0000,422
1077,1077,thrombosis_prediction,3,0,705.0000,422
1078,1078,european_football_2,3,1,705.0000,423
1079,1079,card_games,3,0,706.0000,423
1080,1080,formula_1,3,0,707.0000,423
1081,1081,financial,3,0,708.0000,423
1082,1082,student_club,3,0,709.0000,423
1083,1083,student_club,3,1,709.0000,424
1084,1084,toxicology,3,1,709.0000,425
1085,1085,debit_card_specializing,3,1,709.0000,426
1086,1086,debit_card_specializing,3,0,710.0000,426
1087,1087,toxicology,3,0,711.0000,426
1088,1088,card_games,3,0,712.0000,426
1089,1089,formula_1,3,0,713.0000,426
1090,1090,card_games,3,1,713.0000,427
1091,1091,student_club,3,0,714.0000,427
1092,1092,formula_1,3,1,714.0000,428
1093,1093,european_football_2,3,0,715.0000,428
1094,1094,california_schools,3,0,716.0000,428
1095,1095,codebase_community,3,0,717.0000,428
1096,1096,formula_1,3,0,718.0000,428
1097,1097,thrombosis_prediction,3,0,719.0000,428
1098,1098,thrombosis_prediction,3,0,720.0000,428
1099,1099,formula_1,3,0,721.0000,428
1100,1100,superhero,3,1,721.0000,429
1101,1101,card_games,3,0,722.0000,429
1102,1102,codebase_community,3,0,723.0000,429
1103,1103,codebase_community,3,0,724.0000,429
1104,1104,financial,3,0,725.0000,429
1105,1105,toxicology,3,0,726.0000,429
1106,1106,financial,3,0,727.0000,429
1107,1107,student_club,3,1,727.0000,430
1108,1108,toxicology,3,0,728.0000,430
1109,1109,california_schools,3,0,729.0000,430
1110,1110,superhero,3,1,729.0000,431
1111,1111,superhero,3,1,729.0000,432
1112,1112,thrombosis_prediction,3,0,730.0000,432
1113,1113,financial,3,0,731.0000,432
1114,1114,thrombosis_prediction,3,0,732.0000,432
1115,1115,superhero,3,0,733.0000,432
1116,1116,codebase_community,3,1,733.0000,433
1117,1117,formula_1,3,0,734.0000,433
1118,1118,debit_card_specializing,3,1,734.0000,434
1119,1119,superhero,3,0,735.0000,434
1120,1120,card_games,3,0,736.0000,436
1121,1121,codebase_community,3,1,736.0000,437
1122,1122,thrombosis_prediction,3,0,737.0000,437
1123,1123,student_club,3,1,737.0000,438
1124,1124,formula_1,3,0,738.0000,438
1125,1125,student_club,3,1,738.0000,439
1126,1126,card_games,3,0,739.0000,439
1127,1127,financial,3,0,740.0000,439
1128,1128,california_schools,3,0,741.0000,439
1129,1129,student_club,3,1,741.0000,440
1130,1130,superhero,3,1,741.0000,441
1131,1131,thrombosis_prediction,3,0,742.0000,441
1132,1132,formula_1,3,0,743.0000,441
1133,1133,card_games,3,0,744.0000,441
1134,1134,student_club,3,0,745.0000,441
1135,1135,formula_1,3,1,745.0000,442
1136,1136,toxicology,3,0,746.0000,442
1137,1137,student_club,3,0,747.0000,442
1138,1138,california_schools,3,0,748.0000,442
1139,1139,card_games,3,0,749.0000,442
1140,1140,card_games,3,0,750.0000,443
1141,1141,formula_1,3,0,751.0000,443
1142,1142,student_club,3,1,751.0000,444
1143,1143,codebase_community,3,1,751.0000,445
1144,1144,thrombosis_prediction,3,0,752.0000,445
1145,1145,california_schools,3,0,753.0000,445
1146,1146,debit_card_specializing,3,1,753.0000,446
1147,1147,card_games,3,1,753.0000,447
1148,1148,thrombosis_prediction,3,0,754.0000,447
1149,1149,formula_1,3,1,754.0000,448
1150,1150,codebase_community,3,0,755.0000,449
1151,1151,student_club,3,1,755.0000,450
1152,1152,superhero,3,0,756.0000,450
1153,1153,california_schools,3,0,757.0000,450
1154,1154,formula_1,3,1,757.0000,451
1155,1155,california_schools,3,0,758.0000,451
1156,1156,student_club,3,1,758.0000,452
1157,1157,student_club,3,1,758.0000,453
1158,1158,california_schools,3,0,759.0000,453
1159,1159,card_games,3,0,760.0000,453
1160,1160,codebase_community,3,0,761.0000,454
1161,1161,financial,3,0,762.0000,454
1162,1162,thrombosis_prediction,3,0,763.0000,454
1163,1163,european_football_2,3,1,763.0000,455
1164,1164,student_club,3,1,763.0000,456
1165,1165,california_schools,3,0,764.0000,456
1166,1166,debit_card_specializing,3,0,765.0000,456
1167,1167,superhero,3,0,766.0000,456
1168,1168,thrombosis_prediction,3,0,767.0000,456
1169,1169,formula_1,3,1,767.0000,457
1170,1170,european_football_2,3,1,767.0000,460
1171,1171,financial,3,0,768.0000,460
1172,1172,formula_1,3,0,769.0000,460
1173,1173,debit_card_specializing,3,0,770.0000,460
1174,1174,toxicology,3,1,770.0000,461
1175,1175,formula_1,3,0,771.0000,461
1176,1176,toxicology,3,0,772.0000,461
1177,1177,codebase_community,3,0,773.0000,461
1178,1178,codebase_community,3,0,774.0000,461
1179,1179,codebase_community,3,0,775.0000,461
1180,1180,california_schools,3,0,776.0000,462
1181,1181,superhero,3,1,776.0000,463
1182,1182,formula_1,3,0,777.0000,463
1183,1183,thrombosis_prediction,3,0,778.0000,463
1184,1184,california_schools,3,1,778.0000,464
1185,1185,codebase_community,3,1,778.0000,465
1186,1186,european_football_2,3,1,778.0000,466
1187,1187,formula_1,3,0,779.0000,466
1188,1188,formula_1,3,1,779.0000,467
1189,1189,thrombosis_prediction,3,0,780.0000,467
1190,1190,superhero,3,1,780.0000,468
1191,1191,formula_1,3,0,781.0000,468
1192,1192,european_football_2,3,1,781.0000,469
1193,1193,financial,3,1,781.0000,470
1194,1194,debit_card_specializing,3,0,782.0000,470
1195,1195,codebase_community,3,0,783.0000,470
1196,1196,california_schools,3,0,784.0000,470
1197,1197,debit_card_specializing,3,0,785.0000,470
1198,1198,card_games,3,0,786.0000,470
1199,1199,financial,3,1,786.0000,471
1200,1200,debit_card_specializing,3,0,787.0000,471
1201,1201,formula_1,3,0,788.0000,471
1202,1202,toxicology,3,0,789.0000,471
1203,1203,superhero,3,1,789.0000,472
1204,1204,thrombosis_prediction,3,1,789.0000,473
1205,1205,european_football_2,3,1,789.0000,474
1206,1206,debit_card_specializing,3,0,790.0000,474
1207,1207,superhero,3,1,790.0000,475
1208,1208,formula_1,3,0,791.0000,475
1209,1209,codebase_community,3,1,791.0000,476
1210,1210,european_football_2,3,1,791.0000,477
1211,1211,toxicology,3,0,792.0000,477
1212,1212,codebase_community,3,1,792.0000,478
1213,1213,formula_1,3,0,793.0000,478
1214,1214,codebase_community,3,1,793.0000,479
1215,1215,student_club,3,0,794.0000,479
1216,1216,card_games,3,0,795.0000,479
1217,1217,codebase_community,3,1,795.0000,480
1218,1218,student_club,3,0,796.0000,480
1219,1219,european_football_2,3,0,797.0000,480
1220,1220,thrombosis_prediction,3,0,798.0000,480
1221,1221,card_games,3,1,798.0000,481
1222,1222,thrombosis_prediction,3,0,799.0000,481
1223,1223,toxicology,3,0,800.0000,481
1224,1224,card_games,3,1,800.0000,482
1225,1225,toxicology,3,0,801.0000,482
1226,1226,california_schools,3,0,802.0000,482
1227,1227,card_games,3,0,803.0000,482
1228,1228,financial,3,1,803.0000,483
1229,1229,financial,3,1,803.0000,484
1230,1230,toxicology,3,0,804.0000,485
1231,1231,card_games,3,0,805.0000,485
1232,1232,european_football_2,3,0,806.0000,485
1233,1233,card_games,3,1,806.0000,486
1234,1234,debit_card_specializing,3,0,807.0000,486
1235,1235,toxicology,3,0,808.0000,486
1236,1236,debit_card_specializing,3,0,809.0000,486
1237,1237,thrombosis_prediction,3,0,810.0000,486
1238,1238,student_club,3,1,810.0000,487
1239,1239,formula_1,3,1,810.0000,488
1240,1240,toxicology,3,1,810.0000,491
1241,1241,european_football_2,3,1,810.0000,492
1242,1242,card_games,3,0,811.0000,492
1243,1243,thrombosis_prediction,3,0,812.0000,492
1244,1244,thrombosis_prediction,3,1,812.0000,493
1245,1245,thrombosis_prediction,3,0,813.0000,493
1246,1246,student_club,3,0,814.0000,493
1247,1247,formula_1,3,1,814.0000,494
1248,1248,card_games,3,0,815.0000,494
1249,1249,superhero,3,1,815.0000,495
1250,1250,debit_card_specializing,3,0,816.0000,495
1251,1251,codebase_community,3,0,817.0000,495
1252,1252,thrombosis_prediction,3,0,818.0000,495
1253,1253,superhero,3,1,818.0000,496
1254,1254,california_schools,3,1,818.0000,497
1255,1255,formula_1,3,0,819.0000,497
1256,1256,superhero,3,1,819.0000,498
1257,1257,thrombosis_prediction,3,0,820.0000,498
1258,1258,european_football_2,3,0,821.0000,498
1259,1259,financial,3,0,822.0000,498
1260,1260,toxicology,3,0,823.0000,498
1261,1261,card_games,3,0,824.0000,498
1262,1262,european_football_2,3,1,824.0000,499
1263,1263,student_club,3,1,824.0000,500
1264,1264,financial,3,0,825.0000,500
1265,1265,codebase_community,3,0,826.0000,500
1266,1266,formula_1,3,1,826.0000,501
1267,1267,financial,3,0,827.0000,501
1268,1268,financial,3,0,828.0000,501
1269,1269,codebase_community,3,0,829.0000,501
1270,1270,card_games,3,0,830.0000,502
1271,1271,codebase_community,3,1,830.0000,503
1272,1272,student_club,3,1,830.0000,504
1273,1273,codebase_community,3,0,831.0000,504
1274,1274,codebase_community,3,1,831.0000,505
1275,1275,codebase_community,3,0,832.0000,505
1276,1276,thrombosis_prediction,3,0,833.0000,505
1277,1277,debit_card_specializing,3,0,834.0000,505
1278,1278,student_club,3,0,835.0000,505
1279,1279,financial,3,0,836.0000,505
1280,1280,codebase_community,3,1,836.0000,506
1281,1281,financial,3,0,837.0000,506
1282,1282,formula_1,3,0,838.0000,506
1283,1283,formula_1,3,0,839.0000,506
1284,1284,thrombosis_prediction,3,0,840.0000,506
1285,1285,superhero,3,1,840.0000,507
1286,1286,superhero,3,1,840.0000,508
1287,1287,debit_card_specializing,3,0,841.0000,508
1288,1288,thrombosis_prediction,3,0,842.0000,508
1289,1289,debit_card_specializing,3,1,842.0000,509
1290,1290,european_football_2,3,0,843.0000,510
1291,1291,superhero,3,1,843.0000,511
1292,1292,card_games,3,0,844.0000,511
1293,1293,codebase_community,3,0,845.0000,511
1294,1294,card_games,3,0,846.0000,511
1295,1295,superhero,3,1,846.0000,512
1296,1296,california_schools,3,1,846.0000,513
1297,1297,financial,3,0,847.0000,513
1298,1298,formula_1,3,0,848.0000,513
1299,1299,student_club,3,1,848.0000,514
1300,1300,card_games,3,0,849.0000,516
1301,1301,formula_1,3,0,850.0000,516
1302,1302,formula_1,3,0,851.0000,516
1303,1303,card_games,3,1,851.0000,517
1304,1304,financial,3,1,851.0000,518
1305,1305,card_games,3,0,852.0000,518
1306,1306,toxicology,3,0,853.0000,518
1307,1307,thrombosis_prediction,3,0,854.0000,518
1308,1308,superhero,3,1,854.0000,519
1309,1309,formula_1,3,0,855.0000,519
1310,1310,formula_1,3,0,856.0000,519
1311,1311,debit_card_specializing,3,0,857.0000,519
1312,1312,toxicology,3,0,858.0000,519
1313,1313,formula_1,3,1,858.0000,520
1314,1314,card_games,3,0,859.0000,520
1315,1315,california_schools,3,0,860.0000,520
1316,1316,debit_card_specializing,3,1,860.0000,521
1317,1317,california_schools,3,0,861.0000,521
1318,1318,financial,3,0,862.0000,521
1319,1319,financial,3,0,863.0000,521
1320,1320,california_schools,3,0,864.0000,521
1321,1321,toxicology,3,0,865.0000,521
1322,1322,card_games,3,0,866.0000,521
1323,1323,thrombosis_prediction,3,0,867.0000,521
1324,1324,formula_1,3,0,868.0000,521
1325,1325,codebase_community,3,0,869.0000,521
1326,1326,codebase_community,3,1,869.0000,522
1327,1327,debit_card_specializing,3,0,870.0000,522
1328,1328,european_football_2,3,0,871.0000,522
1329,1329,european_football_2,3,0,872.0000,522
1330,1330,toxicology,3,1,872.0000,523
1331,1331,european_football_2,3,1,872.0000,524
1332,1332,codebase_community,3,0,873.0000,524
1333,1333,california_schools,3,0,874.0000,524
1334,1334,student_club,3,0,875.0000,524
1335,1335,student_club,3,0,876.0000,524
1336,1336,codebase_community,3,1,876.0000,525
1337,1337,student_club,3,1,876.0000,526
1338,1338,formula_1,3,1,876.0000,527
1339,1339,codebase_community,3,1,876.0000,528
1340,1340,european_football_2,3,0,877.0000,529
1341,1341,card_games,3,0,878.0000,529
1342,1342,european_football_2,3,1,878.0000,530
1343,1343,card_games,3,0,879.0000,530
1344,1344,financial,3,0,880.0000,530
1345,1345,thrombosis_prediction,3,1,880.0000,531
1346,1346,codebase_community,3,1,880.0000,532
1347,1347,thrombosis_prediction,3,0,881.0000,532
1348,1348,student_club,3,1,881.0000,533
1349,1349,european_football_2,3,1,881.0000,534
1350,1350,formula_1,3,0,882.0000,534
1351,1351,formula_1,3,0,883.0000,534
1352,1352,thrombosis_prediction,3,0,884.0000,534
1353,1353,european_football_2,3,1,884.0000,535
1354,1354,superhero,3,1,884.0000,536
1355,1355,toxicology,3,0,885.0000,536
1356,1356,thrombosis_prediction,3,0,886.0000,536
1357,1357,codebase_community,3,0,887.0000,536
1358,1358,superhero,3,1,887.0000,537
1359,1359,card_games,3,0,888.0000,537
1360,1360,toxicology,3,0,889.0000,538
1361,1361,formula_1,3,0,890.0000,538
1362,1362,card_games,3,1,890.0000,539
1363,1363,superhero,3,1,890.0000,540
1364,1364,card_games,3,0,891.0000,540
1365,1365,superhero,3,1,891.0000,541
1366,1366,student_club,3,0,892.0000,541
1367,1367,superhero,3,0,893.0000,541
1368,1368,european_football_2,3,0,894.0000,541
1369,1369,formula_1,3,0,895.0000,541
1370,1370,superhero,3,1,895.0000,542
1371,1371,codebase_community,3,0,896.0000,542
1372,1372,debit_card_specializing,3,0,897.0000,542
1373,1373,superhero,3,1,897.0000,543
1374,1374,superhero,3,1,897.0000,544
1375,1375,formula_1,3,0,898.0000,544
1376,1376,toxicology,3,1,898.0000,545
1377,1377,formula_1,3,0,899.0000,545
1378,1378,card_games,3,0,900.0000,545
1379,1379,codebase_community,3,1,900.0000,546
1380,1380,debit_card_specializing,3,0,901.0000,546
1381,1381,card_games,3,0,902.0000,546
1382,1382,codebase_community,3,1,902.0000,547
1383,1383,thrombosis_prediction,3,1,902.0000,548
1384,1384,financial,3,0,903.0000,548
1385,1385,card_games,3,0,904.0000,548
1386,1386,toxicology,3,0,905.0000,548
1387,1387,codebase_community,3,1,905.0000,549
1388,1388,formula_1,3,0,906.0000,549
1389,1389,european_football_2,3,1,906.0000,550
1390,1390,california_schools,3,0,907.0000,550
1391,1391,card_games,3,0,908.0000,550
1392,1392,thrombosis_prediction,3,0,909.0000,550
1393,1393,superhero,3,1,909.0000,551
1394,1394,codebase_community,3,0,910.0000,551
1395,1395,card_games,3,1,910.0000,552
1396,1396,european_football_2,3,0,911.0000,552
1397,1397,debit_card_specializing,3,0,912.0000,552
1398,1398,student_club,3,0,913.0000,552
1399,1399,california_schools,3,0,914.0000,552
1400,1400,card_games,3,0,915.0000,553
1401,1401,superhero,3,1,915.0000,554
1402,1402,financial,3,0,916.0000,554
1403,1403,superhero,3,0,917.0000,554
1404,1404,card_games,3,0,918.0000,554
1405,1405,student_club,3,1,918.0000,555
1406,1406,california_schools,3,1,918.0000,556
1407,1407,european_football_2,3,0,919.0000,556
1408,1408,formula_1,3,1,919.0000,557
1409,1409,student_club,3,1,919.0000,558
1410,1410,codebase_community,3,0,920.0000,560
1411,1411,financial,3,1,920.0000,561
1412,1412,codebase_community,3,0,921.0000,561
1413,1413,formula_1,3,0,922.0000,561
1414,1414,card_games,3,0,923.0000,561
1415,1415,formula_1,3,0,924.0000,561
1416,1416,card_games,3,1,924.0000,562
1417,1417,student_club,3,1,924.0000,563
1418,1418,financial,3,0,925.0000,563
1419,1419,debit_card_specializing,3,0,926.0000,563
1420,1420,student_club,3,1,926.0000,565
1421,1421,formula_1,3,1,926.0000,566
1422,1422,debit_card_specializing,3,1,926.0000,567
1423,1423,superhero,3,1,926.0000,568
1424,1424,toxicology,3,0,927.0000,568
1425,1425,formula_1,3,0,928.0000,568
1426,1426,codebase_community,3,0,929.0000,568
1427,1427,toxicology,3,0,930.0000,568
1428,1428,debit_card_specializing,3,0,931.0000,568
1429,1429,financial,3,0,932.0000,568
1430,1430,card_games,3,0,933.0000,569
1431,1431,formula_1,3,0,934.0000,569
1432,1432,thrombosis_prediction,3,0,935.0000,569
1433,1433,toxicology,3,1,935.0000,570
1434,1434,toxicology,3,0,936.0000,570
1435,1435,thrombosis_prediction,3,0,937.0000,570
1436,1436,formula_1,3,0,938.0000,570
1437,1437,toxicology,3,0,939.0000,570
1438,1438,thrombosis_prediction,3,0,940.0000,570
1439,1439,toxicology,3,1,940.0000,571
1440,1440,formula_1,3,1,940.0000,572
1441,1441,student_club,3,0,941.0000,572
1442,1442,card_games,3,0,942.0000,572
1443,1443,california_schools,3,1,942.0000,573
1444,1444,financial,3,0,943.0000,573
1445,1445,superhero,3,1,943.0000,574
1446,1446,superhero,3,1,943.0000,575
1447,1447,toxicology,3,0,944.0000,575
1448,1448,thrombosis_prediction,3,0,945.0000,575
1449,1449,formula_1,3,1,945.0000,576
1450,1450,superhero,3,1,945.0000,577
1451,1451,debit_card_specializing,3,1,945.0000,578
1452,1452,codebase_community,3,1,945.0000,579
1453,1453,student_club,3,0,946.0000,579
1454,1454,card_games,3,0,947.0000,579
1455,1455,california_schools,3,0,948.0000,579
1456,1456,european_football_2,3,0,949.0000,579
1457,1457,codebase_community,3,0,950.0000,579
1458,1458,thrombosis_prediction,3,0,951.0000,579
1459,1459,card_games,3,0,952.0000,579
1460,1460,thrombosis_prediction,3,0,953.0000,580
1461,1461,thrombosis_prediction,3,0,954.0000,580
1462,1462,toxicology,3,0,955.0000,580
1463,1463,codebase_community,3,0,956.0000,580
1464,1464,european_football_2,3,1,956.0000,581
1465,1465,superhero,3,1,956.0000,582
1466,1466,card_games,3,1,956.0000,583
1467,1467,formula_1,3,1,956.0000,584
1468,1468,codebase_community,3,0,957.0000,584
1469,1469,card_games,3,0,958.0000,584
1470,1470,student_club,3,1,958.0000,585
1471,1471,european_football_2,3,1,958.0000,586
1472,1472,codebase_community,3,0,959.0000,586
1473,1473,california_schools,3,1,959.0000,587
1474,1474,student_club,3,0,960.0000,587
1475,1475,european_football_2,3,0,961.0000,587
1476,1476,card_games,3,1,961.0000,588
1477,1477,card_games,3,1,961.0000,589
1478,1478,superhero,3,1,961.0000,590
1479,1479,codebase_community,3,1,961.0000,591
1480,1480,superhero,3,1,961.0000,592
1481,1481,card_games,3,1,961.0000,593
1482,1482,debit_card_specializing,3,0,962.0000,593
1483,1483,california_schools,3,1,962.0000,594
1484,1484,formula_1,3,1,962.0000,595
1485,1485,codebase_community,3,0,963.0000,595
1486,1486,codebase_community,3,0,964.0000,595
1487,1487,superhero,3,0,965.0000,595
1488,1488,debit_card_specializing,3,1,965.0000,596
1489,1489,student_club,3,1,965.0000,597
1490,1490,codebase_community,3,1,965.0000,599
1491,1491,debit_card_specializing,3,0,966.0000,599
1492,1492,codebase_community,3,1,966.0000,600
1493,1493,thrombosis_prediction,3,0,967.0000,600
1494,1494,codebase_community,3,1,967.0000,601
1495,1495,student_club,3,1,967.0000,602
1496,1496,codebase_community,3,1,967.0000,603
1497,1497,thrombosis_prediction,3,0,968.0000,603
1498,1498,thrombosis_prediction,3,0,969.0000,603
1499,1499,student_club,3,1,969.0000,604
1500,1500,student_club,3,0,970.0000,606
1501,1501,california_schools,3,1,970.0000,607
1502,1502,card_games,3,0,971.0000,607
1503,1503,student_club,3,1,971.0000,608
1504,1504,thrombosis_prediction,3,0,972.0000,608
1505,1505,financial,3,0,973.0000,608
1506,1506,thrombosis_prediction,3,1,973.0000,609
1507,1507,card_games,3,1,973.0000,610
1508,1508,card_games,3,1,973.0000,611
1509,1509,toxicology,3,0,974.0000,611
1510,1510,superhero,3,1,974.0000,612
1511,1511,student_club,3,1,974.0000,613
1512,1512,thrombosis_prediction,3,0,975.0000,613
1513,1513,formula_1,3,1,975.0000,614
1514,1514,thrombosis_prediction,3,0,976.0000,614
1515,1515,thrombosis_prediction,3,0,977.0000,614
1516,1516,student_club,3,0,978.0000,614
1517,1517,financial,3,0,979.0000,614
1518,1518,codebase_community,3,1,979.0000,615
1519,1519,financial,3,0,980.0000,615
1520,1520,financial,3,0,981.0000,615
1521,1521,financial,3,0,982.0000,615
1522,1522,card_games,3,0,983.0000,615
1523,1523,thrombosis_prediction,3,0,984.0000,615
1524,1524,debit_card_specializing,3,0,985.0000,615
1525,1525,financial,3,0,986.0000,615
1526,1526,formula_1,3,0,987.0000,615
1527,1527,financial,3,0,988.0000,615
1528,1528,student_club,3,1,988.0000,616
1529,1529,financial,3,1,988.0000,617
1530,1530,toxicology,3,0,989.0000,617
1531,1531,formula_1,3,0,990.0000,617
1532,1532,european_football_2,3,1,990.0000,618
1533,1533,european_football_2,3,0,991.0000,618
