step,pred_api,gold_api,parse_ok,strict_correct,cumulative_regret
0,Car database%%Models,Car database%%Makes,1,0,1.0000
1,JAK_API%%Genshin Impact,JAK_API%%Genshin Impact,1,1,1.0000
2,GamerPower%%Live giveaways by type,GamerPower%%Live giveaways by type,1,0,2.0000
3,GamerPower%%Live giveaways by type,GamerPower%%Live giveaways by type,1,1,2.0000
4,CatchLoc%%[Group Management] API access for modifying group information,PTL%%update,1,0,3.0000
5,siteDomain%%language list,siteDomain%%language list,1,1,3.0000
6,BART%%Advisory information,BART%%Advisory information,1,0,4.0000
7,NumbersTranslator,NumbersToLetters%%Convertir cantidad a letra Moneda MXN Ingles,1,0,5.0000
8,search,search,1,0,6.0000
9,search,search_general,1,0,7.0000
10,colegiosantaana%%Disciplina-1,colegiosantaana%%Disciplina-1,1,1,7.0000
11,Football Dolphin%%Head to head statistics,Football Dolphin%%Head to head statistics,1,0,8.0000
12,Fake Brightcove%%Temp Upload URLs,Fake Brightcove%%Temp Upload URLs,1,0,9.0000
13,pizzaallapala%%Get Producto Promo,pizzaallapala%%Get Producto Promo,1,1,9.0000
14,Marvel Vs Capcom 2%%Show Character,Marvel Vs Capcom 2%%Show Character,1,1,9.0000
15,forecast_weather,Weather_dataSet%%Weather_dataSet,1,0,10.0000
16,JAK_API%%Genshin Impact,JAK_API%%Genshin Impact,1,1,10.0000
17,colegiosantaana%%Disciplina-1,colegiosantaana%%Disciplina-1,1,1,10.0000
18,search,getWolframAlphaResults,1,0,11.0000
19,JAK_API%%Genshin Impact,JAK_API%%Genshin Impact,1,1,11.0000
20,Marvel Vs Capcom 2%%All Characters,Marvel Vs Capcom 2%%All Characters,1,1,11.0000
21,NumbersTranslator,Numbers Translator%%Numbers Translator,1,0,12.0000
22,JAK_API%%Ben 10,JAK_API%%Ben 10,1,1,12.0000
23,MikuAPI%%getRandomImage,MikuAPI%%getRandomImage,1,1,12.0000
24,forecast_weather,forecast_weather,1,1,12.0000
25,Fake Brightcove%%Temp Upload URLs,Fake Brightcove%%Temp Upload URLs,1,0,13.0000
26,search,English Talking%%Get an answer,1,0,14.0000
27,CatchLoc%%[Group Management] API access for modifying group information,CatchLoc%%[Group Management] API access for modifying group information,1,1,14.0000
28,search,search_places,1,0,15.0000
29,Token API%%generate,Token API%%generate,1,1,15.0000
30,JAK_API%%Ben 10,JAK_API%%Ben 10,1,1,15.0000
31,CatchLoc%%[Group Management] API access for modifying group information,CatchLoc%%[Group Management] API access for modifying group information,1,0,16.0000
32,search,Places%%Geographic coordinates by placename,1,0,17.0000
33,NumbersTranslator,NumbersToLetters%%Convertir cantidad a letra Moneda MXN Ingles,1,0,18.0000
34,Football Dolphin%%Head to head statistics,Football Dolphin%%Head to head statistics,1,0,19.0000
35,Soccer Data%%Tournament List,Soccer Data%%Tournament List,1,1,19.0000
36,get_weather_today,get_weather_today,1,1,19.0000
37,Marvel Vs Capcom 2%%Show Character,Marvel Vs Capcom 2%%All Characters,1,0,20.0000
38,Marvel Vs Capcom 2%%Show Character,Marvel Vs Capcom 2%%Show Character,1,1,20.0000
39,JAK_API%%Brawl Stars,JAK_API%%Brawl Stars,1,1,20.0000
40,Grup Terbuka%%Kirim Pesan,Grup Terbuka%%Kirim Pesan,1,0,21.0000
41,thailand%%thai4,thailand%%thai4,1,1,21.0000
42,CatchLoc%%[Group Management] API access for modifying group information,PTL%%update,1,0,22.0000
43,siteDomain%%industry list,siteDomain%%industry list,1,1,22.0000
44,search_places,search_places,1,1,22.0000
45,thailand%%thai4,thailand%%thai4,1,1,22.0000
46,thailand%%thai4,thailand%%thai4,1,1,22.0000
47,colegiosantaana%%Mensajes-1,colegiosantaana%%Mensajes-1,1,1,22.0000
48,Places%%Geographic coordinates by placename,Places%%Geographic coordinates by placename,1,0,23.0000
49,Marvel Vs Capcom 2%%Show Character,Marvel Vs Capcom 2%%Show Character,1,1,23.0000
50,Grup Terbuka%%Kirim Pesan,colegiosantaana%%Mensajes-1,1,0,24.0000
51,add_date,add_date,1,1,24.0000
52,get_today_date,get_today_date,1,1,24.0000
53,Global Email V4,Global Email V4%%Global Email V4,1,0,25.0000
54,siteDomain%%industry list,siteDomain%%industry list,1,1,25.0000
55,BART%%Advisory information,BART%%Advisory information,1,0,26.0000
56,Password Generator API%%Password of length 50,Password Generator API%%Password of length 50,1,1,26.0000
57,getWolframAlphaResults,getWolframAlphaResults,1,0,27.0000
58,colegiosantaana%%Evaluaciones-1,colegiosantaana%%Evaluaciones-1,1,1,27.0000
59,Grup Terbuka%%Kirim Pesan,Grup Terbuka%%Kirim Pesan,1,0,28.0000
60,siteDomain%%language list,siteDomain%%language list,1,1,28.0000
61,get_weather_today,Weather_dataSet%%Weather_dataSet,1,0,29.0000
62,colegiosantaana%%Mensajes-1,colegiosantaana%%Mensajes-1,1,1,29.0000
63,MikuAPI%%getRandomImage,MikuAPI%%getRandomImage,1,1,29.0000
64,NumbersToLetters%%Convertir cantidad a letra Moneda MXN Español,NumbersToLetters%%Convertir cantidad a letra Moneda MXN Ingles,1,0,30.0000
65,Marvel Vs Capcom 2%%All Characters,Marvel Vs Capcom 2%%All Characters,1,1,30.0000
66,search,disambiguation,1,0,31.0000
67,Password Generator API%%Password of length 50,Password Generator API%%Base,1,0,32.0000
68,Soccer Data%%Tournament List,Soccer Data%%Tournament List,1,1,32.0000
69,GamerPower%%Live giveaways by type,GamerPower%%Live giveaways by type,1,0,33.0000
70,F1 Latest News%%GET recent F1 news from all sources,F1 Latest News%%GET recent F1 news from all sources,1,1,33.0000
71,Handball Data%%Daily Match List-Scheduled,Handball Data%%Daily Match List-Scheduled,1,1,33.0000
72,Handball Data%%Daily Match List-Scheduled,Handball Data%%Daily Match List-Scheduled,1,0,34.0000
73,Fake Brightcove%%Temp Upload URLs,Fake Brightcove%%Temp Upload URLs,1,0,35.0000
74,Fluximmo%%get_portail_api,Fluximmo%%get_portail_api,1,1,35.0000
75,NumbersTranslator,NumbersToLetters%%Convertir cantidad a letra Moneda MXN Ingles,1,0,36.0000
76,forecast_weather,forecast_weather,1,1,36.0000
77,NumbersToLetters%%Convertir cantidad a letra Moneda MXN Español,NumbersToLetters%%Convertir cantidad a letra Moneda MXN Español,1,0,37.0000
78,GamerPower%%Filter & Group Giveaways,GamerPower%%Filter & Group Giveaways,1,0,38.0000
79,Soccer Data%%Tournament List,Soccer Data%%Tournament List,1,1,38.0000
80,search,Places%%Geographic coordinates by placename,1,0,39.0000
81,Stadia Maps Time Zone API%%TZ Lookup by Location,Stadia Maps Time Zone API%%TZ Lookup by Location,1,1,39.0000
82,Token API%%generate,Token API%%generate,1,1,39.0000
83,get_weather_today,Weather_dataSet%%Weather_dataSet,1,0,40.0000
84,None,disambiguation,0,0,41.0000
85,get_weather_today,Weather_dataSet%%Weather_dataSet,1,0,42.0000
86,disambiguation,PTL%%update,1,0,43.0000
87,Grup Terbuka%%Kirim Pesan,Grup Terbuka%%Kirim Pesan,1,0,44.0000
88,Global Email V4,Global Email V4%%Global Email V4,1,0,45.0000
89,NumbersTranslator,NumbersToLetters%%Convertir cantidad a letra Moneda MXN Ingles,1,0,46.0000
90,Fake Brightcove%%Temp Upload URLs,Fake Brightcove%%Temp Upload URLs,1,0,47.0000
91,siteDomain%%industry list,siteDomain%%industry list,1,1,47.0000
92,JAK_API%%Ben 10,JAK_API%%Ben 10,1,1,47.0000
93,MikuAPI%%getRandomImage,MikuAPI%%getRandomImage,1,1,47.0000
94,Grup Terbuka%%Kirim Pesan,colegiosantaana%%Mensajes-1,1,0,48.0000
95,NumbersTranslator,NumbersToLetters%%Convertir cantidad a letra Moneda MXN Ingles,1,0,49.0000
96,Car database%%Makes,Car database%%Makes,1,1,49.0000
97,disambiguation,PTL%%update,1,0,50.0000
98,search,Fluximmo%%get_portail_api,1,0,51.0000
99,get_weather_today,get_weather_today,1,1,51.0000
100,JAK_API%%Miraculous,JAK_API%%Miraculous,1,1,51.0000
101,search_places,search_places,1,1,51.0000
102,Handball Data%%Daily Match List-Scheduled,Handball Data%%Daily Match List-Live,1,0,52.0000
103,get_today_date,get_today_date,1,1,52.0000
104,NumbersToLetters%%Convertir cantidad a letra Moneda MXN Español,NumbersToLetters%%Convertir cantidad a letra Moneda MXN Español,1,1,52.0000
105,Password Generator API%%Password of length 50,Password Generator API%%Base,1,0,53.0000
106,JAK_API%%Genshin Impact,JAK_API%%Genshin Impact,1,1,53.0000
107,Marvel Vs Capcom 2%%Show Character,Marvel Vs Capcom 2%%Show Character,1,1,53.0000
108,colegiosantaana%%Evaluaciones-1,colegiosantaana%%Evaluaciones-1,1,1,53.0000
109,Handball Data%%Daily Match List-Live,Handball Data%%Daily Match List-Live,1,1,53.0000
110,Handball Data%%Daily Match List-Scheduled,Handball Data%%Daily Match List-Scheduled,1,1,53.0000
111,F1 Latest News%%GET recent F1 news from all sources,F1 Latest News%%GET recent F1 news from all sources,1,1,53.0000
112,NumbersTranslator,Numbers Translator%%Numbers Translator,1,0,54.0000
113,Marvel Vs Capcom 2%%All Characters,Marvel Vs Capcom 2%%All Characters,1,1,54.0000
114,colegiosantaana%%Mensajes-1,colegiosantaana%%Mensajes-1,1,1,54.0000
115,Stadia Maps Time Zone API%%TZ Lookup by Location,Stadia Maps Time Zone API%%TZ Lookup by Location,1,1,54.0000
116,Marvel Vs Capcom 2%%All Characters,Marvel Vs Capcom 2%%All Characters,1,1,54.0000
117,search,Places%%Geographic coordinates by placename,1,0,55.0000
118,forecast_weather,forecast_weather,1,1,55.0000
119,CatchLoc%%[Group Management] API access for modifying group information,CatchLoc%%[Group Management] API access for modifying group information,1,1,55.0000
120,get_weather_today,Weather_dataSet%%Weather_dataSet,1,0,56.0000
121,Token API%%generate,Token API%%generate,1,1,56.0000
122,getWolframAlphaResults,getWolframAlphaResults,1,0,57.0000
123,Numbers,getWolframAlphaResults,1,0,58.0000
124,disambiguation,disambiguation,1,1,58.0000
125,add_date,add_date,1,1,58.0000
126,colegiosantaana%%Evaluaciones-1,colegiosantaana%%Evaluaciones-1,1,1,58.0000
127,add_date,add_date,1,1,58.0000
128,Soccer Data%%Tournament List,Soccer Data%%Tournament List,1,1,58.0000
129,JAK_API%%Brawl Stars,JAK_API%%Brawl Stars,1,1,58.0000
130,getWolframAlphaResults,getWolframAlphaResults,1,0,59.0000
131,get_weather_today,get_weather_today,1,1,59.0000
132,thailand%%thai4,thailand%%thai4,1,1,59.0000
133,Fluximmo%%get_portail_api,Fluximmo%%get_portail_api,1,1,59.0000
134,Marvel Vs Capcom 2%%All Characters,Marvel Vs Capcom 2%%All Characters,1,1,59.0000
135,English Talking%%Get an answer,English Talking%%Get an answer,1,0,60.0000
136,getWolframAlphaResults,search_general,1,0,61.0000
137,Soccer Data%%Tournament List,Soccer Data%%Tournament List,1,1,61.0000
138,JAK_API%%Miraculous,JAK_API%%Miraculous,1,1,61.0000
139,English Talking%%Get an answer,English Talking%%Get an answer,1,0,62.0000
140,F1 Latest News%%GET recent F1 news from all sources,F1 Latest News%%GET recent F1 news from all sources,1,1,62.0000
141,disambiguation,PTL%%update,1,0,63.0000
142,colegiosantaana%%Disciplina-1,colegiosantaana%%Disciplina-1,1,1,63.0000
143,MikuAPI%%getRandomImage,MikuAPI%%getRandomImage,1,1,63.0000
144,Football Dolphin%%Head to head statistics,Football Dolphin%%Head to head statistics,1,0,64.0000
145,GamerPower%%Filter & Group Giveaways,GamerPower%%Filter & Group Giveaways,1,0,65.0000
146,CatchLoc%%[Group Management] API access for modifying group information,PTL%%update,1,0,66.0000
147,pizzaallapala%%Get Producto Promo,pizzaallapala%%Get Producto Promo,1,1,66.0000
148,NumbersToLetters%%Convertir cantidad a letra Moneda MXN Español,get_today_date,1,0,67.0000
149,Grup Terbuka%%Kirim Pesan,Grup Terbuka%%Kirim Pesan,1,0,68.0000
150,siteDomain%%industry list,siteDomain%%industry list,1,1,68.0000
151,JAK_API%%Ben 10,JAK_API%%Ben 10,1,1,68.0000
152,Password Generator API%%Password of length 50,Password Generator API%%Password of length 50,1,1,68.0000
153,NumbersTranslator,NumbersToLetters%%Convertir cantidad a letra Moneda MXN Ingles,1,0,69.0000
154,BART%%Advisory information,BART%%Advisory information,1,0,70.0000
155,JAK_API%%Ben 10,JAK_API%%Ben 10,1,1,70.0000
156,GamerPower%%Live giveaways by type,GamerPower%%Live giveaways by type,1,0,71.0000
157,siteDomain%%language list,siteDomain%%language list,1,1,71.0000
158,getWolframAlphaResults,get_weather_today,1,0,72.0000
159,search,Places%%Geographic coordinates by placename,1,0,73.0000
160,pizzaallapala%%Get Producto Promo,pizzaallapala%%Get Producto Promo,1,1,73.0000
161,Numbers%%Get math fact,Numbers%%Get math fact,1,1,73.0000
162,F1 Latest News%%GET recent F1 news from all sources,F1 Latest News%%GET recent F1 news from all sources,1,1,73.0000
163,Handball Data%%Daily Match List-Scheduled,Handball Data%%Daily Match List-Scheduled,1,1,73.0000
164,Marvel Vs Capcom 2%%All Characters,Marvel Vs Capcom 2%%All Characters,1,1,73.0000
165,Stadia Maps Time Zone API%%TZ Lookup by Location,Stadia Maps Time Zone API%%TZ Lookup by Location,1,1,73.0000
166,English Talking%%Get an answer,English Talking%%Get an answer,1,0,74.0000
167,JAK_API%%Brawl Stars,JAK_API%%Brawl Stars,1,1,74.0000
168,CatchLoc%%[Group Management] API access for modifying group information,CatchLoc%%[Group Management] API access for modifying group information,1,1,74.0000
169,GamerPower%%Filter & Group Giveaways,GamerPower%%Filter & Group Giveaways,1,0,75.0000
170,search,search_general,1,0,76.0000
171,JAK_API%%Miraculous,JAK_API%%Miraculous,1,1,76.0000
172,Global Email V4%%Global Email V4,Global Email V4%%Global Email V4,1,0,77.0000
173,siteDomain%%language list,siteDomain%%language list,1,1,77.0000
174,Fluximmo%%get_portail_api,Fluximmo%%get_portail_api,1,1,77.0000
175,Car database%%Makes,Car database%%Makes,1,1,77.0000
176,F1 Latest News%%GET recent F1 news from all sources,F1 Latest News%%GET recent F1 news from all sources,1,1,77.0000
177,GamerPower%%Filter & Group Giveaways,GamerPower%%Filter & Group Giveaways,1,0,78.0000
178,Car database%%Makes,Car database%%Makes,1,1,78.0000
179,colegiosantaana%%Disciplina-1,colegiosantaana%%Disciplina-1,1,1,78.0000
180,NumbersTranslator,NumbersToLetters%%Convertir cantidad a letra Moneda MXN Ingles,1,0,79.0000
181,get_arxiv_article_information,get_arxiv_article_information,1,0,80.0000
182,get_weather_today,Weather_dataSet%%Weather_dataSet,1,0,81.0000
183,JAK_API%%Genshin Impact,JAK_API%%Genshin Impact,1,1,81.0000
184,English Talking%%Get an answer,English Talking%%Get an answer,1,0,82.0000
185,get_today_date,get_today_date,1,1,82.0000
186,F1 Latest News%%GET recent F1 news from all sources,F1 Latest News%%GET recent F1 news from all sources,1,1,82.0000
187,GamerPower%%Filter & Group Giveaways,GamerPower%%Live giveaways by type,1,0,83.0000
188,CatchLoc%%[Group Management] API access for modifying group information,CatchLoc%%[Group Management] API access for modifying group information,1,0,84.0000
189,GamerPower%%Filter & Group Giveaways,GamerPower%%Live giveaways by type,1,0,85.0000
190,NumbersTranslator,Numbers Translator%%Numbers Translator,1,0,86.0000
191,NumbersTranslator,Numbers Translator%%Numbers Translator,1,0,87.0000
192,Token API%%generate,Token API%%generate,1,1,87.0000
193,NumbersTranslator,Numbers Translator%%Numbers Translator,1,0,88.0000
194,Numbers,getWolframAlphaResults,1,0,89.0000
195,Stadia Maps Time Zone API%%TZ Lookup by Location,Stadia Maps Time Zone API%%TZ Lookup by Location,1,0,90.0000
196,Fake Brightcove%%Temp Upload URLs,Fake Brightcove%%Temp Upload URLs,1,0,91.0000
197,get_arxiv_article_information,get_arxiv_article_information,1,1,91.0000
198,getWolframAlphaResults,search,1,0,92.0000
199,NumbersTranslator,NumbersToLetters%%Convertir cantidad a letra Moneda MXN Ingles,1,0,93.0000
200,JAK_API%%Ben 10,JAK_API%%Ben 10,1,1,93.0000
201,Password Generator API%%Password of length 50,Password Generator API%%Base,1,0,94.0000
202,Places%%Geographic coordinates by placename,Places%%Geographic coordinates by placename,1,0,95.0000
203,Fluximmo%%get_portail_api,Fluximmo%%get_portail_api,1,1,95.0000
204,Marvel Vs Capcom 2%%Show Character,Marvel Vs Capcom 2%%Show Character,1,1,95.0000
205,NumbersTranslator,Numbers Translator%%Numbers Translator,1,0,96.0000
206,GamerPower%%Live giveaways by type,GamerPower%%Live giveaways by type,1,0,97.0000
207,Fluximmo%%get_portail_api,Fluximmo%%get_portail_api,1,1,97.0000
208,Numbers,Numbers%%Get math fact,1,0,98.0000
209,search,disambiguation,1,0,99.0000
210,add_date,add_date,1,1,99.0000
211,Password Generator API%%Base,Password Generator API%%Base,1,1,99.0000
212,CatchLoc%%[Group Management] API access for modifying group information,CatchLoc%%[Group Management] API access for modifying group information,1,0,100.0000
213,Car database%%Makes,Car database%%Makes,1,1,100.0000
214,search,Places%%Geographic coordinates by placename,1,0,101.0000
215,GamerPower%%Filter & Group Giveaways,GamerPower%%Filter & Group Giveaways,1,0,102.0000
216,Fake Brightcove%%Temp Upload URLs,Fake Brightcove%%Temp Upload URLs,1,0,103.0000
217,JAK_API%%Brawl Stars,JAK_API%%Brawl Stars,1,1,103.0000
218,siteDomain%%language list,siteDomain%%language list,1,1,103.0000
219,Password Generator API%%Base,Password Generator API%%Password of length 50,1,0,104.0000
220,search_places,search_places,1,0,105.0000
221,siteDomain%%industry list,siteDomain%%industry list,1,1,105.0000
222,Handball Data%%Daily Match List-Scheduled,Handball Data%%Daily Match List-Scheduled,1,1,105.0000
223,search,disambiguation,1,0,106.0000
224,thailand%%thai4,thailand%%thai4,1,1,106.0000
225,add_date,add_date,1,1,106.0000
226,Stadia Maps Time Zone API%%TZ Lookup by Location,Stadia Maps Time Zone API%%TZ Lookup by Location,1,0,107.0000
227,Stadia Maps Time Zone API%%TZ Lookup by Location,Stadia Maps Time Zone API%%TZ Lookup by Location,1,1,107.0000
228,pizzaallapala%%Get Producto Promo,pizzaallapala%%Get Producto Promo,1,1,107.0000
229,Password Generator API%%Base,Password Generator API%%Base,1,1,107.0000
230,thailand%%thai4,thailand%%thai4,1,1,107.0000
231,English Talking%%Get an answer,English Talking%%Get an answer,1,0,108.0000
232,siteDomain%%industry list,siteDomain%%industry list,1,0,109.0000
233,Fluximmo%%get_portail_api,Fluximmo%%get_portail_api,1,1,109.0000
234,search,Places%%Geographic coordinates by placename,1,0,110.0000
235,Marvel Vs Capcom 2%%All Characters,Marvel Vs Capcom 2%%All Characters,1,1,110.0000
236,MikuAPI%%getRandomImage,MikuAPI%%getRandomImage,1,1,110.0000
237,search,getWolframAlphaResults,1,0,111.0000
238,Football Dolphin%%Head to head statistics,Football Dolphin%%Head to head statistics,1,1,111.0000
239,Handball Data%%Daily Match List-Scheduled,Handball Data%%Daily Match List-Scheduled,1,1,111.0000
240,Grup Terbuka%%Kirim Pesan,Grup Terbuka%%Kirim Pesan,1,0,112.0000
241,CatchLoc%%[Group Management] API access for modifying group information,PTL%%update,1,0,113.0000
242,F1 Latest News%%GET recent F1 news from all sources,F1 Latest News%%GET recent F1 news from all sources,1,1,113.0000
243,colegiosantaana%%Mensajes-1,colegiosantaana%%Mensajes-1,1,1,113.0000
244,forecast_weather,Weather_dataSet%%Weather_dataSet,1,0,114.0000
245,pizzaallapala%%Get Producto Promo,pizzaallapala%%Get Producto Promo,1,1,114.0000
246,GamerPower%%Filter & Group Giveaways,GamerPower%%Filter & Group Giveaways,1,0,115.0000
247,CatchLoc%%[Group Management] API access for modifying group information,CatchLoc%%[Group Management] API access for modifying group information,1,1,115.0000
248,NumbersTranslator,Numbers Translator%%Numbers Translator,1,0,116.0000
249,Handball Data%%Daily Match List-Scheduled,Handball Data%%Daily Match List-Live,1,0,117.0000
250,Stadia Maps Time Zone API%%TZ Lookup by Location,Places%%Geographic coordinates by placename,1,0,118.0000
251,Global Email V4,Global Email V4%%Global Email V4,1,0,119.0000
252,Car database%%Makes,Car database%%Makes,1,1,119.0000
253,Football Dolphin%%Head to head statistics,Football Dolphin%%Head to head statistics,1,1,119.0000
254,Fake Brightcove%%Temp Upload URLs,Fake Brightcove%%Temp Upload URLs,1,0,120.0000
255,colegiosantaana%%Disciplina-1,colegiosantaana%%Disciplina-1,1,1,120.0000
256,colegiosantaana%%Evaluaciones-1,colegiosantaana%%Evaluaciones-1,1,1,120.0000
257,Password Generator API%%Password of length 50,Password Generator API%%Base,1,0,121.0000
258,CatchLoc%%[Group Management] API access for modifying group information,PTL%%update,1,0,122.0000
259,search,search,1,1,122.0000
260,forecast_weather,forecast_weather,1,1,122.0000
261,get_arxiv_article_information,get_arxiv_article_information,1,1,122.0000
262,JAK_API%%Brawl Stars,JAK_API%%Brawl Stars,1,1,122.0000
263,F1 Latest News%%GET recent F1 news from all sources,F1 Latest News%%GET recent F1 news from all sources,1,1,122.0000
264,JAK_API%%Genshin Impact,JAK_API%%Genshin Impact,1,1,122.0000
265,search,search,1,0,123.0000
266,JAK_API%%Ben 10,JAK_API%%Ben 10,1,1,123.0000
267,CatchLoc%%[Group Management] API access for modifying group information,CatchLoc%%[Group Management] API access for modifying group information,1,1,123.0000
268,colegiosantaana%%Mensajes-1,colegiosantaana%%Mensajes-1,1,1,123.0000
269,Marvel Vs Capcom 2%%Show Character,Marvel Vs Capcom 2%%Show Character,1,1,123.0000
270,NumbersToLetters%%Convertir cantidad a letra Moneda MXN Español,NumbersToLetters%%Convertir cantidad a letra Moneda MXN Español,1,1,123.0000
271,colegiosantaana%%Disciplina-1,colegiosantaana%%Disciplina-1,1,1,123.0000
272,search,disambiguation,1,0,124.0000
273,colegiosantaana%%Disciplina-1,colegiosantaana%%Disciplina-1,1,1,124.0000
274,Handball Data%%Daily Match List-Live,Handball Data%%Daily Match List-Live,1,0,125.0000
275,MikuAPI%%getRandomImage,MikuAPI%%getRandomImage,1,1,125.0000
276,Password Generator API%%Password of length 50,Password Generator API%%Password of length 50,1,1,125.0000
277,Handball Data%%Daily Match List-Scheduled,Handball Data%%Daily Match List-Live,1,0,126.0000
278,Marvel Vs Capcom 2%%All Characters,Marvel Vs Capcom 2%%All Characters,1,1,126.0000
279,search,search_places,1,0,127.0000
280,Fake Brightcove%%Temp Upload URLs,Fake Brightcove%%Temp Upload URLs,1,0,128.0000
281,Global Email V4,Global Email V4%%Global Email V4,1,0,129.0000
282,English Talking%%Get an answer,English Talking%%Get an answer,1,0,130.0000
283,GamerPower%%Filter & Group Giveaways,GamerPower%%Filter & Group Giveaways,1,0,131.0000
284,Password Generator API%%Base,Password Generator API%%Password of length 50,1,0,132.0000
285,Car database%%Models,Car database%%Makes,1,0,133.0000
286,Football Dolphin%%Head to head statistics,Football Dolphin%%Head to head statistics,1,0,134.0000
287,Stadia Maps Time Zone API%%TZ Lookup by Location,Stadia Maps Time Zone API%%TZ Lookup by Location,1,1,134.0000
288,Token API%%generate,Token API%%generate,1,1,134.0000
289,getWolframAlphaResults,search,1,0,135.0000
290,NumbersTranslator,Numbers Translator%%Numbers Translator,1,0,136.0000
291,search,search_places,1,0,137.0000
292,CatchLoc%%[Group Management] API access for modifying group information,CatchLoc%%[Group Management] API access for modifying group information,1,1,137.0000
293,get_weather_today,Weather_dataSet%%Weather_dataSet,1,0,138.0000
294,Marvel Vs Capcom 2%%All Characters,Marvel Vs Capcom 2%%All Characters,1,1,138.0000
295,Car database%%Makes,Car database%%Makes,1,1,138.0000
296,get_arxiv_article_information,get_arxiv_article_information,1,0,139.0000
297,Password Generator API%%Password of length 50,Password Generator API%%Password of length 50,1,1,139.0000
298,siteDomain%%language list,siteDomain%%language list,1,1,139.0000
299,getWolframAlphaResults,getWolframAlphaResults,1,0,140.0000
300,get_weather_today,Weather_dataSet%%Weather_dataSet,1,0,141.0000
301,pizzaallapala%%Get Producto Promo,pizzaallapala%%Get Producto Promo,1,1,141.0000
302,Token API%%generate,Token API%%generate,1,1,141.0000
303,Marvel Vs Capcom 2%%All Characters,Marvel Vs Capcom 2%%All Characters,1,1,141.0000
304,GamerPower%%Filter & Group Giveaways,GamerPower%%Filter & Group Giveaways,1,0,142.0000
305,Global Email V4,Global Email V4%%Global Email V4,1,0,143.0000
306,English Talking%%Get an answer,English Talking%%Get an answer,1,0,144.0000
307,GamerPower%%Filter & Group Giveaways,GamerPower%%Live giveaways by type,1,0,145.0000
308,get_today_date,get_today_date,1,1,145.0000
309,Fake Brightcove%%Temp Upload URLs,Fake Brightcove%%Temp Upload URLs,1,0,146.0000
310,Soccer Data%%Tournament List,Soccer Data%%Tournament List,1,1,146.0000
311,JAK_API%%Ben 10,JAK_API%%Ben 10,1,1,146.0000
312,Handball Data%%Daily Match List-Live,Handball Data%%Daily Match List-Live,1,1,146.0000
313,BART%%Advisory information,BART%%Advisory information,1,0,147.0000
314,Fluximmo%%get_portail_api,Fluximmo%%get_portail_api,1,1,147.0000
315,CatchLoc%%[Group Management] API access for modifying group information,PTL%%update,1,0,148.0000
316,getWolframAlphaResults,get_today_date,1,0,149.0000
317,NumbersTranslator,Numbers Translator%%Numbers Translator,1,0,150.0000
318,NumbersToLetters%%Convertir cantidad a letra Moneda MXN Español,NumbersToLetters%%Convertir cantidad a letra Moneda MXN Español,1,1,150.0000
319,Numbers,Numbers%%Get math fact,1,0,151.0000
320,Token API%%generate,Token API%%generate,1,1,151.0000
321,siteDomain%%industry list,siteDomain%%industry list,1,1,151.0000
322,colegiosantaana%%Evaluaciones-1,colegiosantaana%%Evaluaciones-1,1,1,151.0000
323,MikuAPI%%getRandomImage,MikuAPI%%getRandomImage,1,1,151.0000
324,colegiosantaana%%Evaluaciones-1,colegiosantaana%%Evaluaciones-1,1,1,151.0000
325,NumbersTranslator,Numbers Translator%%Numbers Translator,1,0,152.0000
326,CatchLoc%%[Group Management] API access for modifying group information,CatchLoc%%[Group Management] API access for modifying group information,1,1,152.0000
327,Fake Brightcove%%Temp Upload URLs,Fake Brightcove%%Temp Upload URLs,1,0,153.0000
328,Numbers,Numbers%%Get math fact,1,0,154.0000
329,JAK_API%%Genshin Impact,JAK_API%%Genshin Impact,1,1,154.0000
330,get_today_date,get_today_date,1,1,154.0000
331,Soccer Data%%Tournament List,Soccer Data%%Tournament List,1,1,154.0000
332,get_arxiv_article_information,get_arxiv_article_information,1,1,154.0000
333,Fake Brightcove%%Temp Upload URLs,Fake Brightcove%%Temp Upload URLs,1,0,155.0000
334,colegiosantaana%%Disciplina-1,colegiosantaana%%Disciplina-1,1,1,155.0000
335,search,search_places,1,0,156.0000
336,Token API%%generate,Token API%%generate,1,1,156.0000
337,forecast_weather,forecast_weather,1,0,157.0000
338,Password Generator API%%Base,Password Generator API%%Password of length 50,1,0,158.0000
339,search,search_places,1,0,159.0000
340,pizzaallapala%%Get Producto Promo,pizzaallapala%%Get Producto Promo,1,1,159.0000
341,English Talking%%Get an answer,English Talking%%Get an answer,1,0,160.0000
342,Token API%%generate,Token API%%generate,1,1,160.0000
343,get_weather_today,get_weather_today,1,1,160.0000
344,get_weather_today,get_weather_today,1,1,160.0000
345,GamerPower%%Live giveaways by type,GamerPower%%Live giveaways by type,1,0,161.0000
346,forecast_weather,forecast_weather,1,1,161.0000
347,None,disambiguation,0,0,162.0000
348,Handball Data%%Daily Match List-Scheduled,Handball Data%%Daily Match List-Live,1,0,163.0000
349,Numbers%%Get math fact,Numbers%%Get math fact,1,1,163.0000
350,Global Email V4,Global Email V4%%Global Email V4,1,0,164.0000
351,thailand%%thai4,thailand%%thai4,1,1,164.0000
352,Fluximmo%%get_portail_api,Fluximmo%%get_portail_api,1,1,164.0000
353,Marvel Vs Capcom 2%%Show Character,Marvel Vs Capcom 2%%Show Character,1,1,164.0000
354,JAK_API%%Genshin Impact,JAK_API%%Genshin Impact,1,1,164.0000
355,CatchLoc%%[Group Management] API access for modifying group information,CatchLoc%%[Group Management] API access for modifying group information,1,0,165.0000
356,siteDomain%%language list,siteDomain%%language list,1,1,165.0000
357,Password Generator API%%Password of length 50,Password Generator API%%Base,1,0,166.0000
358,Soccer Data%%Tournament List,Soccer Data%%Tournament List,1,1,166.0000
359,JAK_API%%Miraculous,JAK_API%%Miraculous,1,1,166.0000
360,pizzaallapala%%Get Producto Promo,pizzaallapala%%Get Producto Promo,1,1,166.0000
361,get_today_date,get_today_date,1,1,166.0000
362,get_arxiv_article_information,get_arxiv_article_information,1,1,166.0000
363,pizzaallapala%%Get Producto Promo,pizzaallapala%%Get Producto Promo,1,1,166.0000
364,Handball Data%%Daily Match List-Scheduled,Handball Data%%Daily Match List-Scheduled,1,1,166.0000
365,Grup Terbuka%%Kirim Pesan,colegiosantaana%%Mensajes-1,1,0,167.0000
366,F1 Latest News%%GET recent F1 news from all sources,F1 Latest News%%GET recent F1 news from all sources,1,1,167.0000
367,disambiguation,PTL%%update,1,0,168.0000
368,English Talking%%Get an answer,English Talking%%Get an answer,1,1,168.0000
369,Grup Terbuka%%Kirim Pesan,Grup Terbuka%%Kirim Pesan,1,1,168.0000
370,getWolframAlphaResults,getWolframAlphaResults,1,0,169.0000
371,BART%%Advisory information,BART%%Advisory information,1,0,170.0000
372,Football Dolphin%%Head to head statistics,Football Dolphin%%Head to head statistics,1,0,171.0000
373,get_arxiv_article_information,get_arxiv_article_information,1,1,171.0000
374,search,search,1,1,171.0000
375,Places%%Geographic coordinates by placename,Places%%Geographic coordinates by placename,1,0,172.0000
376,JAK_API%%Miraculous,JAK_API%%Miraculous,1,1,172.0000
377,getWolframAlphaResults,search,1,0,173.0000
378,JAK_API%%Miraculous,JAK_API%%Miraculous,1,1,173.0000
379,Football Dolphin%%Head to head statistics,Football Dolphin%%Head to head statistics,1,0,174.0000
380,Stadia Maps Time Zone API%%TZ Lookup by Location,Stadia Maps Time Zone API%%TZ Lookup by Location,1,1,174.0000
381,siteDomain%%language list,siteDomain%%language list,1,1,174.0000
382,forecast_weather,forecast_weather,1,1,174.0000
383,add_date,add_date,1,1,174.0000
384,get_arxiv_article_information,get_arxiv_article_information,1,0,175.0000
385,search,getWolframAlphaResults,1,0,176.0000
386,English Talking%%Get an answer,English Talking%%Get an answer,1,0,177.0000
387,siteDomain%%language list,siteDomain%%language list,1,1,177.0000
388,NumbersTranslator,NumbersToLetters%%Convertir cantidad a letra Moneda MXN Español,1,0,178.0000
389,get_arxiv_article_information,get_arxiv_article_information,1,1,178.0000
390,GamerPower%%Filter & Group Giveaways,GamerPower%%Live giveaways by type,1,0,179.0000
391,Marvel Vs Capcom 2%%Show Character,Marvel Vs Capcom 2%%Show Character,1,1,179.0000
392,colegiosantaana%%Evaluaciones-1,colegiosantaana%%Evaluaciones-1,1,1,179.0000
393,search,search_general,1,0,180.0000
394,forecast_weather,Weather_dataSet%%Weather_dataSet,1,0,181.0000
395,JAK_API%%Genshin Impact,JAK_API%%Genshin Impact,1,1,181.0000
396,Grup Terbuka%%Kirim Pesan,colegiosantaana%%Mensajes-1,1,0,182.0000
397,Token API%%generate,Token API%%generate,1,1,182.0000
398,Grup Terbuka%%Kirim Pesan,Grup Terbuka%%Kirim Pesan,1,0,183.0000
399,disambiguation,colegiosantaana%%Mensajes-1,1,0,184.0000
400,getWolframAlphaResults,search_general,1,0,185.0000
401,Stadia Maps Time Zone API%%TZ Lookup by Location,Stadia Maps Time Zone API%%TZ Lookup by Location,1,1,185.0000
402,BART%%Advisory information,BART%%Advisory information,1,1,185.0000
403,MikuAPI%%getRandomImage,MikuAPI%%getRandomImage,1,1,185.0000
404,get_today_date,get_today_date,1,1,185.0000
405,Car database%%Makes,Car database%%Makes,1,1,185.0000
406,Fluximmo%%get_portail_api,Fluximmo%%get_portail_api,1,1,185.0000
407,MikuAPI%%getRandomImage,MikuAPI%%getRandomImage,1,1,185.0000
408,JAK_API%%Brawl Stars,JAK_API%%Brawl Stars,1,1,185.0000
409,Numbers,getWolframAlphaResults,1,0,186.0000
410,Marvel Vs Capcom 2%%Show Character,Marvel Vs Capcom 2%%Show Character,1,1,186.0000
411,BART%%Advisory information,BART%%Advisory information,1,0,187.0000
412,BART%%Advisory information,BART%%Advisory information,1,0,188.0000
413,JAK_API%%Miraculous,JAK_API%%Miraculous,1,1,188.0000
414,Handball Data%%Daily Match List-Scheduled,Handball Data%%Daily Match List-Scheduled,1,0,189.0000
415,Handball Data%%Daily Match List-Scheduled,Handball Data%%Daily Match List-Scheduled,1,1,189.0000
416,NumbersTranslator,Numbers Translator%%Numbers Translator,1,0,190.0000
417,JAK_API%%Brawl Stars,JAK_API%%Brawl Stars,1,1,190.0000
418,add_date,add_date,1,1,190.0000
419,pizzaallapala%%Get Producto Promo,pizzaallapala%%Get Producto Promo,1,1,190.0000
420,Grup Terbuka%%Kirim Pesan,Grup Terbuka%%Kirim Pesan,1,0,191.0000
421,forecast_weather,forecast_weather,1,1,191.0000
422,JAK_API%%Miraculous,JAK_API%%Miraculous,1,1,191.0000
423,CatchLoc%%[Group Management] API access for modifying group information,CatchLoc%%[Group Management] API access for modifying group information,1,1,191.0000
424,MikuAPI%%getRandomImage,MikuAPI%%getRandomImage,1,1,191.0000
425,forecast_weather,forecast_weather,1,1,191.0000
426,BART%%Advisory information,BART%%Advisory information,1,0,192.0000
427,Fake Brightcove%%Temp Upload URLs,Fake Brightcove%%Temp Upload URLs,1,0,193.0000
428,Marvel Vs Capcom 2%%Show Character,Marvel Vs Capcom 2%%Show Character,1,1,193.0000
429,Marvel Vs Capcom 2%%Show Character,Marvel Vs Capcom 2%%Show Character,1,1,193.0000
430,Global Email V4,Global Email V4%%Global Email V4,1,0,194.0000
431,Stadia Maps Time Zone API%%TZ Lookup by Location,Stadia Maps Time Zone API%%TZ Lookup by Location,1,1,194.0000
432,Password Generator API%%Password of length 50,Password Generator API%%Password of length 50,1,1,194.0000
433,Grup Terbuka%%Kirim Pesan,Grup Terbuka%%Kirim Pesan,1,0,195.0000
434,colegiosantaana%%Disciplina-1,colegiosantaana%%Disciplina-1,1,1,195.0000
435,colegiosantaana%%Evaluaciones-1,colegiosantaana%%Evaluaciones-1,1,1,195.0000
436,add_date,add_date,1,1,195.0000
437,search,search,1,1,195.0000
438,BART%%Advisory information,BART%%Advisory information,1,1,195.0000
439,siteDomain%%language list,siteDomain%%language list,1,1,195.0000
440,Soccer Data%%Tournament List,Soccer Data%%Tournament List,1,1,195.0000
441,get_weather_today,Weather_dataSet%%Weather_dataSet,1,0,196.0000
442,siteDomain%%language list,siteDomain%%language list,1,1,196.0000
443,get_today_date,get_today_date,1,1,196.0000
444,NumbersTranslator,Numbers Translator%%Numbers Translator,1,0,197.0000
445,JAK_API%%Ben 10,JAK_API%%Ben 10,1,1,197.0000
446,search,Places%%Geographic coordinates by placename,1,0,198.0000
447,Marvel Vs Capcom 2%%All Characters,Marvel Vs Capcom 2%%All Characters,1,1,198.0000
448,GamerPower%%Filter & Group Giveaways,GamerPower%%Filter & Group Giveaways,1,1,198.0000
449,JAK_API%%Brawl Stars,JAK_API%%Brawl Stars,1,1,198.0000
450,pizzaallapala%%Get Producto Promo,pizzaallapala%%Get Producto Promo,1,1,198.0000
451,get_weather_today,Weather_dataSet%%Weather_dataSet,1,0,199.0000
452,colegiosantaana%%Disciplina-1,colegiosantaana%%Disciplina-1,1,1,199.0000
453,English Talking%%Get an answer,English Talking%%Get an answer,1,0,200.0000
454,F1 Latest News%%GET recent F1 news from all sources,F1 Latest News%%GET recent F1 news from all sources,1,1,200.0000
455,NumbersTranslator,Numbers Translator%%Numbers Translator,1,0,201.0000
456,siteDomain%%industry list,siteDomain%%industry list,1,1,201.0000
457,BART%%Advisory information,BART%%Advisory information,1,0,202.0000
458,getWolframAlphaResults,getWolframAlphaResults,1,0,203.0000
459,JAK_API%%Brawl Stars,JAK_API%%Brawl Stars,1,1,203.0000
460,Soccer Data%%Tournament List,Soccer Data%%Tournament List,1,1,203.0000
461,getWolframAlphaResults,search_general,1,0,204.0000
462,get_weather_today,get_weather_today,1,1,204.0000
463,get_arxiv_article_information,get_arxiv_article_information,1,0,205.0000
464,getWolframAlphaResults,search,1,0,206.0000
465,getWolframAlphaResults,getWolframAlphaResults,1,0,207.0000
466,Handball Data%%Daily Match List-Live,Handball Data%%Daily Match List-Live,1,0,208.0000
467,search,search_general,1,0,209.0000
468,search,search_places,1,0,210.0000
469,GamerPower%%Filter & Group Giveaways,GamerPower%%Live giveaways by type,1,0,211.0000
470,Numbers,Numbers%%Get math fact,1,0,212.0000
471,NumbersToLetters%%Convertir cantidad a letra Moneda MXN Español,NumbersToLetters%%Convertir cantidad a letra Moneda MXN Español,1,0,213.0000
472,F1 Latest News%%GET recent F1 news from all sources,F1 Latest News%%GET recent F1 news from all sources,1,1,213.0000
473,Password Generator API%%Base,Password Generator API%%Password of length 50,1,0,214.0000
474,get_weather_today,get_weather_today,1,1,214.0000
475,get_weather_today,get_weather_today,1,1,214.0000
476,BART%%Advisory information,BART%%Advisory information,1,1,214.0000
477,get_weather_today,get_weather_today,1,1,214.0000
478,GamerPower%%Filter & Group Giveaways,GamerPower%%Filter & Group Giveaways,1,0,215.0000
479,GamerPower%%Live giveaways by type,GamerPower%%Live giveaways by type,1,0,216.0000
480,colegiosantaana%%Evaluaciones-1,colegiosantaana%%Evaluaciones-1,1,1,216.0000
481,thailand%%thai4,thailand%%thai4,1,1,216.0000
482,Handball Data%%Daily Match List-Scheduled,Handball Data%%Daily Match List-Scheduled,1,1,216.0000
483,siteDomain%%industry list,siteDomain%%industry list,1,1,216.0000
484,F1 Latest News%%GET recent F1 news from all sources,F1 Latest News%%GET recent F1 news from all sources,1,1,216.0000
485,Numbers,Numbers%%Get math fact,1,0,217.0000
486,forecast_weather,forecast_weather,1,0,218.0000
487,siteDomain%%industry list,siteDomain%%industry list,1,1,218.0000
488,search,Places%%Geographic coordinates by placename,1,0,219.0000
489,English Talking%%Get an answer,English Talking%%Get an answer,1,0,220.0000
490,Marvel Vs Capcom 2%%All Characters,Marvel Vs Capcom 2%%All Characters,1,1,220.0000
491,add_date,add_date,1,1,220.0000
492,NumbersTranslator,NumbersToLetters%%Convertir cantidad a letra Moneda MXN Ingles,1,0,221.0000
493,colegiosantaana%%Disciplina-1,colegiosantaana%%Disciplina-1,1,1,221.0000
494,search_places,search,1,0,222.0000
495,Handball Data%%Daily Match List-Scheduled,Handball Data%%Daily Match List-Live,1,0,223.0000
496,colegiosantaana%%Evaluaciones-1,colegiosantaana%%Evaluaciones-1,1,1,223.0000
497,NumbersToLetters%%Convertir cantidad a letra Moneda MXN Español,NumbersToLetters%%Convertir cantidad a letra Moneda MXN Español,1,1,223.0000
498,GamerPower%%Filter & Group Giveaways,GamerPower%%Live giveaways by type,1,0,224.0000
499,forecast_weather,forecast_weather,1,0,225.0000
500,Soccer Data%%Tournament List,Soccer Data%%Tournament List,1,1,225.0000
501,Password Generator API%%Password of length 50,Password Generator API%%Base,1,0,226.0000
502,Token API%%generate,Token API%%generate,1,1,226.0000
503,add_date,add_date,1,1,226.0000
504,colegiosantaana%%Evaluaciones-1,colegiosantaana%%Evaluaciones-1,1,1,226.0000
505,forecast_weather,Weather_dataSet%%Weather_dataSet,1,0,227.0000
506,thailand%%thai4,thailand%%thai4,1,1,227.0000
507,BART%%Advisory information,BART%%Advisory information,1,0,228.0000
508,colegiosantaana%%Mensajes-1,colegiosantaana%%Mensajes-1,1,1,228.0000
509,Global Email V4,Global Email V4%%Global Email V4,1,0,229.0000
510,Handball Data%%Daily Match List-Scheduled,Handball Data%%Daily Match List-Scheduled,1,1,229.0000
511,NumbersTranslator,NumbersToLetters%%Convertir cantidad a letra Moneda MXN Ingles,1,0,230.0000
512,Numbers,Numbers%%Get math fact,1,0,231.0000
513,GamerPower%%Filter & Group Giveaways,GamerPower%%Live giveaways by type,1,0,232.0000
514,search,disambiguation,1,0,233.0000
515,Stadia Maps Time Zone API%%TZ Lookup by Location,Stadia Maps Time Zone API%%TZ Lookup by Location,1,0,234.0000
516,JAK_API%%Miraculous,JAK_API%%Miraculous,1,1,234.0000
517,get_weather_today,get_weather_today,1,1,234.0000
518,Football Dolphin%%Head to head statistics,Football Dolphin%%Head to head statistics,1,1,234.0000
519,search,search_general,1,0,235.0000
520,JAK_API%%Miraculous,JAK_API%%Miraculous,1,1,235.0000
521,JAK_API%%Genshin Impact,JAK_API%%Genshin Impact,1,1,235.0000
522,Fluximmo%%get_portail_api,Fluximmo%%get_portail_api,1,1,235.0000
523,Marvel Vs Capcom 2%%Show Character,Marvel Vs Capcom 2%%Show Character,1,1,235.0000
524,Global Email V4,search_general,1,0,236.0000
525,get_weather_today,forecast_weather,1,0,237.0000
526,JAK_API%%Genshin Impact,JAK_API%%Genshin Impact,1,1,237.0000
527,NumbersTranslator%%Numbers Translator,Numbers Translator%%Numbers Translator,1,0,238.0000
528,F1 Latest News%%GET recent F1 news from all sources,F1 Latest News%%GET recent F1 news from all sources,1,1,238.0000
529,thailand%%thai4,thailand%%thai4,1,1,238.0000
530,colegiosantaana%%Disciplina-1,colegiosantaana%%Disciplina-1,1,1,238.0000
531,get_arxiv_article_information,get_arxiv_article_information,1,0,239.0000
532,Car database%%Makes,Car database%%Makes,1,1,239.0000
533,Marvel Vs Capcom 2%%All Characters,Marvel Vs Capcom 2%%All Characters,1,1,239.0000
534,Grup Terbuka%%Kirim Pesan,Grup Terbuka%%Kirim Pesan,1,0,240.0000
535,pizzaallapala%%Get Producto Promo,pizzaallapala%%Get Producto Promo,1,1,240.0000
536,Grup Terbuka%%Kirim Pesan,Grup Terbuka%%Kirim Pesan,1,0,241.0000
537,thailand%%thai4,thailand%%thai4,1,1,241.0000
538,Fake Brightcove%%Temp Upload URLs,Fake Brightcove%%Temp Upload URLs,1,0,242.0000
539,colegiosantaana%%Mensajes-1,colegiosantaana%%Mensajes-1,1,1,242.0000
540,Handball Data%%Daily Match List-Scheduled,Handball Data%%Daily Match List-Scheduled,1,1,242.0000
541,Numbers,Numbers%%Get math fact,1,0,243.0000
542,Fluximmo%%get_portail_api,Fluximmo%%get_portail_api,1,1,243.0000
543,Handball Data%%Daily Match List-Live,Handball Data%%Daily Match List-Live,1,1,243.0000
544,CatchLoc%%[Group Management] API access for modifying group information,PTL%%update,1,0,244.0000
545,Football Dolphin%%Head to head statistics,Football Dolphin%%Head to head statistics,1,0,245.0000
546,Token API%%generate,Token API%%generate,1,1,245.0000
547,get_arxiv_article_information,get_arxiv_article_information,1,1,245.0000
548,JAK_API%%Miraculous,JAK_API%%Miraculous,1,1,245.0000
549,get_arxiv_article_information,get_arxiv_article_information,1,1,245.0000
550,siteDomain%%industry list,siteDomain%%industry list,1,1,245.0000
551,Grup Terbuka%%Kirim Pesan,Grup Terbuka%%Kirim Pesan,1,0,246.0000
552,search,getWolframAlphaResults,1,0,247.0000
553,Stadia Maps Time Zone API%%TZ Lookup by Location,Stadia Maps Time Zone API%%TZ Lookup by Location,1,1,247.0000
554,NumbersToLetters%%Convertir cantidad a letra Moneda MXN Español,NumbersToLetters%%Convertir cantidad a letra Moneda MXN Español,1,1,247.0000
555,colegiosantaana%%Evaluaciones-1,colegiosantaana%%Evaluaciones-1,1,1,247.0000
556,search,getWolframAlphaResults,1,0,248.0000
557,JAK_API%%Brawl Stars,JAK_API%%Brawl Stars,1,1,248.0000
558,GamerPower%%Filter & Group Giveaways,GamerPower%%Filter & Group Giveaways,1,0,249.0000
559,Password Generator API%%Password of length 50,Password Generator API%%Password of length 50,1,1,249.0000
560,JAK_API%%Miraculous,JAK_API%%Miraculous,1,1,249.0000
561,siteDomain%%industry list,siteDomain%%industry list,1,1,249.0000
562,get_today_date,get_today_date,1,1,249.0000
563,add_date,add_date,1,1,249.0000
564,Numbers,Numbers%%Get math fact,1,0,250.0000
565,Fake Brightcove%%Temp Upload URLs,Fake Brightcove%%Temp Upload URLs,1,0,251.0000
566,JAK_API%%Genshin Impact,JAK_API%%Genshin Impact,1,1,251.0000
567,GamerPower%%Filter & Group Giveaways,GamerPower%%Filter & Group Giveaways,1,0,252.0000
568,forecast_weather,forecast_weather,1,1,252.0000
569,search,disambiguation,1,0,253.0000
570,NumbersToLetters%%Convertir cantidad a letra Moneda MXN Español,NumbersToLetters%%Convertir cantidad a letra Moneda MXN Español,1,1,253.0000
571,BART%%Advisory information,BART%%Advisory information,1,0,254.0000
572,NumbersToLetters%%Convertir cantidad a letra Moneda MXN Español,NumbersToLetters%%Convertir cantidad a letra Moneda MXN Ingles,1,0,255.0000
573,Fake Brightcove%%Temp Upload URLs,Fake Brightcove%%Temp Upload URLs,1,0,256.0000
574,forecast_weather,forecast_weather,1,1,256.0000
575,Handball Data%%Daily Match List-Scheduled,Handball Data%%Daily Match List-Live,1,0,257.0000
576,MikuAPI%%getRandomImage,MikuAPI%%getRandomImage,1,1,257.0000
577,GamerPower%%Filter & Group Giveaways,GamerPower%%Filter & Group Giveaways,1,0,258.0000
578,Stadia Maps Time Zone API%%TZ Lookup by Location,Stadia Maps Time Zone API%%TZ Lookup by Location,1,1,258.0000
579,Places%%Geographic coordinates by placename,Places%%Geographic coordinates by placename,1,0,259.0000
580,NumbersTranslator,NumbersToLetters%%Convertir cantidad a letra Moneda MXN Ingles,1,0,260.0000
581,JAK_API%%Ben 10,JAK_API%%Ben 10,1,1,260.0000
582,siteDomain%%language list,siteDomain%%language list,1,1,260.0000
583,NumbersToLetters%%Convertir cantidad a letra Moneda MXN Ingles,NumbersToLetters%%Convertir cantidad a letra Moneda MXN Ingles,1,1,260.0000
584,Stadia Maps Time Zone API%%TZ Lookup by Location,Places%%Geographic coordinates by placename,1,0,261.0000
585,JAK_API%%Miraculous,JAK_API%%Miraculous,1,1,261.0000
586,search,search,1,0,262.0000
587,add_date,add_date,1,1,262.0000
588,colegiosantaana%%Mensajes-1,colegiosantaana%%Mensajes-1,1,1,262.0000
589,pizzaallapala%%Get Producto Promo,pizzaallapala%%Get Producto Promo,1,1,262.0000
590,Numbers,Numbers%%Get math fact,1,0,263.0000
591,NumbersToLetters%%Convertir cantidad a letra Moneda MXN Español,NumbersToLetters%%Convertir cantidad a letra Moneda MXN Español,1,0,264.0000
592,Grup Terbuka%%Kirim Pesan,Grup Terbuka%%Kirim Pesan,1,0,265.0000
593,colegiosantaana%%Mensajes-1,colegiosantaana%%Mensajes-1,1,1,265.0000
594,getWolframAlphaResults,search_general,1,0,266.0000
595,search_places,search_places,1,0,267.0000
596,JAK_API%%Brawl Stars,JAK_API%%Brawl Stars,1,1,267.0000
597,JAK_API%%Genshin Impact,JAK_API%%Genshin Impact,1,1,267.0000
598,pizzaallapala%%Get Producto Promo,pizzaallapala%%Get Producto Promo,1,1,267.0000
599,Car database%%Makes,Car database%%Makes,1,1,267.0000
600,JAK_API%%Brawl Stars,JAK_API%%Brawl Stars,1,1,267.0000
601,JAK_API%%Ben 10,JAK_API%%Ben 10,1,1,267.0000
602,MikuAPI%%getRandomImage,MikuAPI%%getRandomImage,1,1,267.0000
603,Marvel Vs Capcom 2%%Show Character,Marvel Vs Capcom 2%%Show Character,1,1,267.0000
604,GamerPower%%Live giveaways by type,GamerPower%%Live giveaways by type,1,0,268.0000
605,JAK_API%%Ben 10,JAK_API%%Ben 10,1,1,268.0000
606,JAK_API%%Miraculous,JAK_API%%Miraculous,1,1,268.0000
607,MikuAPI%%getRandomImage,MikuAPI%%getRandomImage,1,1,268.0000
608,colegiosantaana%%Evaluaciones-1,colegiosantaana%%Evaluaciones-1,1,1,268.0000
609,getWolframAlphaResults,search,1,0,269.0000
610,Stadia Maps Time Zone API%%TZ Lookup by Location,Stadia Maps Time Zone API%%TZ Lookup by Location,1,1,269.0000
611,JAK_API%%Ben 10,JAK_API%%Ben 10,1,1,269.0000
612,Global Email V4,Global Email V4%%Global Email V4,1,0,270.0000
613,MikuAPI%%getRandomImage,MikuAPI%%getRandomImage,1,1,270.0000
614,CatchLoc%%[Group Management] API access for modifying group information,CatchLoc%%[Group Management] API access for modifying group information,1,0,271.0000
615,Soccer Data%%Tournament List,Soccer Data%%Tournament List,1,1,271.0000
616,Handball Data%%Daily Match List-Scheduled,Handball Data%%Daily Match List-Live,1,0,272.0000
617,Password Generator API%%Base,Password Generator API%%Password of length 50,1,0,273.0000
618,get_arxiv_article_information,get_arxiv_article_information,1,1,273.0000
619,None,disambiguation,0,0,274.0000
620,English Talking%%Get an answer,English Talking%%Get an answer,1,1,274.0000
621,JAK_API%%Genshin Impact,JAK_API%%Genshin Impact,1,1,274.0000
622,get_weather_today,Weather_dataSet%%Weather_dataSet,1,0,275.0000
623,Password Generator API%%Base,Password Generator API%%Base,1,1,275.0000
624,JAK_API%%Brawl Stars,JAK_API%%Brawl Stars,1,1,275.0000
625,search,disambiguation,1,0,276.0000
626,get_arxiv_article_information,get_arxiv_article_information,1,1,276.0000
627,Handball Data%%Daily Match List-Scheduled,Handball Data%%Daily Match List-Scheduled,1,0,277.0000
628,Football Dolphin%%Head to head statistics,Football Dolphin%%Head to head statistics,1,0,278.0000
629,search,search_places,1,0,279.0000
630,search_places,search_places,1,0,280.0000
631,Car database%%Models,Car database%%Makes,1,0,281.0000
632,Handball Data%%Daily Match List-Scheduled,Handball Data%%Daily Match List-Live,1,0,282.0000
633,Football Dolphin%%Head to head statistics,Football Dolphin%%Head to head statistics,1,0,283.0000
634,JAK_API%%Genshin Impact,JAK_API%%Genshin Impact,1,1,283.0000
635,Password Generator API%%Base,Password Generator API%%Base,1,1,283.0000
636,Football Dolphin%%Head to head statistics,Football Dolphin%%Head to head statistics,1,0,284.0000
637,colegiosantaana%%Evaluaciones-1,colegiosantaana%%Evaluaciones-1,1,1,284.0000
638,Numbers,Numbers%%Get math fact,1,0,285.0000
639,add_date,add_date,1,1,285.0000
640,CatchLoc%%[Group Management] API access for modifying group information,PTL%%update,1,0,286.0000
641,thailand%%thai4,thailand%%thai4,1,1,286.0000
642,Marvel Vs Capcom 2%%Show Character,Marvel Vs Capcom 2%%Show Character,1,1,286.0000
643,siteDomain%%language list,siteDomain%%language list,1,1,286.0000
644,JAK_API%%Brawl Stars,JAK_API%%Brawl Stars,1,1,286.0000
645,Handball Data%%Daily Match List-Scheduled,Handball Data%%Daily Match List-Live,1,0,287.0000
646,Handball Data%%Daily Match List-Scheduled,Handball Data%%Daily Match List-Scheduled,1,1,287.0000
647,CatchLoc%%[Group Management] API access for modifying group information,PTL%%update,1,0,288.0000
648,NumbersToLetters%%Convertir cantidad a letra Moneda MXN Español,NumbersToLetters%%Convertir cantidad a letra Moneda MXN Español,1,1,288.0000
649,Token API%%generate,Token API%%generate,1,1,288.0000
650,JAK_API%%Brawl Stars,JAK_API%%Brawl Stars,1,1,288.0000
651,search,disambiguation,1,0,289.0000
652,Fluximmo%%get_portail_api,Fluximmo%%get_portail_api,1,1,289.0000
653,English Talking%%Get an answer,English Talking%%Get an answer,1,0,290.0000
654,Global Email V4,Global Email V4%%Global Email V4,1,0,291.0000
655,getWolframAlphaResults,search_general,1,0,292.0000
656,search,search,1,1,292.0000
657,Soccer Data%%Tournament List,Soccer Data%%Tournament List,1,1,292.0000
658,NumbersToLetters%%Convertir cantidad a letra Moneda MXN Español,NumbersToLetters%%Convertir cantidad a letra Moneda MXN Español,1,1,292.0000
659,None,PTL%%update,0,0,293.0000
660,GamerPower%%Filter & Group Giveaways,GamerPower%%Filter & Group Giveaways,1,0,294.0000
661,siteDomain%%industry list,siteDomain%%industry list,1,1,294.0000
662,search,disambiguation,1,0,295.0000
663,NumbersTranslator,Numbers Translator%%Numbers Translator,1,0,296.0000
664,Numbers,Numbers%%Get math fact,1,0,297.0000
665,Grup Terbuka%%Kirim Pesan,Grup Terbuka%%Kirim Pesan,1,0,298.0000
666,NumbersTranslator,get_today_date,1,0,299.0000
667,Numbers,get_today_date,1,0,300.0000
668,Handball Data%%Daily Match List-Scheduled,Handball Data%%Daily Match List-Scheduled,1,0,301.0000
669,thailand%%thai4,thailand%%thai4,1,1,301.0000
670,Football Dolphin%%Head to head statistics,Football Dolphin%%Head to head statistics,1,0,302.0000
671,colegiosantaana%%Disciplina-1,colegiosantaana%%Disciplina-1,1,1,302.0000
672,Token API%%generate,Token API%%generate,1,1,302.0000
673,getWolframAlphaResults,search,1,0,303.0000
674,Places%%Geographic coordinates by placename,Places%%Geographic coordinates by placename,1,0,304.0000
675,colegiosantaana%%Disciplina-1,colegiosantaana%%Disciplina-1,1,1,304.0000
676,JAK_API%%Miraculous,JAK_API%%Miraculous,1,1,304.0000
677,search_places,search_places,1,1,304.0000
678,Fluximmo%%get_portail_api,Fluximmo%%get_portail_api,1,1,304.0000
679,forecast_weather,Weather_dataSet%%Weather_dataSet,1,0,305.0000
680,None,disambiguation,0,0,306.0000
681,CatchLoc%%[Group Management] API access for modifying group information,PTL%%update,1,0,307.0000
682,JAK_API%%Ben 10,JAK_API%%Ben 10,1,1,307.0000
683,add_date,add_date,1,1,307.0000
684,getWolframAlphaResults,search_general,1,0,308.0000
685,siteDomain%%language list,siteDomain%%language list,1,1,308.0000
686,colegiosantaana%%Disciplina-1,colegiosantaana%%Disciplina-1,1,1,308.0000
687,NumbersToLetters%%Convertir cantidad a letra Moneda MXN Español,NumbersToLetters%%Convertir cantidad a letra Moneda MXN Español,1,1,308.0000
688,add_date,add_date,1,1,308.0000
689,Car database%%Models,Car database%%Makes,1,0,309.0000
690,thailand%%thai4,search_places,1,0,310.0000
691,Password Generator API%%Base,Password Generator API%%Base,1,1,310.0000
692,Fluximmo%%get_portail_api,Fluximmo%%get_portail_api,1,1,310.0000
693,colegiosantaana%%Evaluaciones-1,colegiosantaana%%Evaluaciones-1,1,1,310.0000
694,Global Email V4,Global Email V4%%Global Email V4,1,0,311.0000
695,get_weather_today,get_weather_today,1,1,311.0000
696,NumbersToLetters%%Convertir cantidad a letra Moneda MXN Español,NumbersToLetters%%Convertir cantidad a letra Moneda MXN Español,1,1,311.0000
697,Numbers,Numbers%%Get math fact,1,0,312.0000
698,Password Generator API%%Password of length 50,Password Generator API%%Password of length 50,1,1,312.0000
699,search,search_places,1,0,313.0000
700,thailand%%thai4,thailand%%thai4,1,1,313.0000
701,search,search_general,1,0,314.0000
702,get_weather_today,get_weather_today,1,1,314.0000
703,GamerPower%%Filter & Group Giveaways,GamerPower%%Filter & Group Giveaways,1,0,315.0000
704,pizzaallapala%%Get Producto Promo,pizzaallapala%%Get Producto Promo,1,1,315.0000
705,Token API%%generate,Token API%%generate,1,1,315.0000
706,siteDomain%%language list,siteDomain%%language list,1,1,315.0000
707,Grup Terbuka%%Kirim Pesan,Grup Terbuka%%Kirim Pesan,1,0,316.0000
708,CatchLoc%%[Group Management] API access for modifying group information,CatchLoc%%[Group Management] API access for modifying group information,1,0,317.0000
709,Password Generator API%%Password of length 50,Password Generator API%%Base,1,0,318.0000
710,get_today_date,get_today_date,1,1,318.0000
711,BART%%Advisory information,BART%%Advisory information,1,0,319.0000
712,Marvel Vs Capcom 2%%All Characters,Marvel Vs Capcom 2%%All Characters,1,1,319.0000
713,NumbersToLetters%%Convertir cantidad a letra Moneda MXN Español,NumbersToLetters%%Convertir cantidad a letra Moneda MXN Español,1,1,319.0000
714,search,search_general,1,0,320.0000
715,F1 Latest News%%GET recent F1 news from all sources,F1 Latest News%%GET recent F1 news from all sources,1,1,320.0000
716,Stadia Maps Time Zone API%%TZ Lookup by Location,Stadia Maps Time Zone API%%TZ Lookup by Location,1,1,320.0000
717,get_weather_today,get_weather_today,1,1,320.0000
718,MikuAPI%%getRandomImage,MikuAPI%%getRandomImage,1,1,320.0000
719,Password Generator API%%Password of length 50,Password Generator API%%Base,1,0,321.0000
720,Global Email V4%%Global Email V4,Global Email V4%%Global Email V4,1,0,322.0000
721,getWolframAlphaResults,search_general,1,0,323.0000
722,forecast_weather,forecast_weather,1,0,324.0000
723,Car database%%Models,Car database%%Makes,1,0,325.0000
724,get_weather_today,get_weather_today,1,1,325.0000
725,Global Email V4%%Global Email V4,Global Email V4%%Global Email V4,1,0,326.0000
726,Password Generator API%%Password of length 50,Password Generator API%%Password of length 50,1,1,326.0000
727,Handball Data%%Daily Match List-Scheduled,Handball Data%%Daily Match List-Live,1,0,327.0000
728,Football Dolphin%%Head to head statistics,Football Dolphin%%Head to head statistics,1,0,328.0000
729,CatchLoc%%[Group Management] API access for modifying group information,CatchLoc%%[Group Management] API access for modifying group information,1,1,328.0000
730,NumbersTranslator,NumbersToLetters%%Convertir cantidad a letra Moneda MXN Ingles,1,0,329.0000
731,colegiosantaana%%Mensajes-1,colegiosantaana%%Mensajes-1,1,1,329.0000
732,Soccer Data%%Tournament List,Soccer Data%%Tournament List,1,1,329.0000
733,siteDomain%%industry list,siteDomain%%industry list,1,0,330.0000
734,Car database%%Models,Car database%%Makes,1,0,331.0000
735,Password Generator API%%Password of length 50,Password Generator API%%Password of length 50,1,1,331.0000
736,JAK_API%%Ben 10,JAK_API%%Ben 10,1,1,331.0000
737,Password Generator API%%Password of length 50,Password Generator API%%Base,1,0,332.0000
738,Numbers,get_today_date,1,0,333.0000
739,Soccer Data%%Tournament List,Soccer Data%%Tournament List,1,1,333.0000
740,Global Email V4%%Global Email V4,Global Email V4%%Global Email V4,1,0,334.0000
741,search,disambiguation,1,0,335.0000
742,Marvel Vs Capcom 2%%Show Character,Marvel Vs Capcom 2%%Show Character,1,1,335.0000
743,Numbers,Numbers%%Get math fact,1,0,336.0000
744,Password Generator API%%Password of length 50,Password Generator API%%Base,1,0,337.0000
745,F1 Latest News%%GET recent F1 news from all sources,F1 Latest News%%GET recent F1 news from all sources,1,1,337.0000
746,thailand%%thai4,thailand%%thai4,1,1,337.0000
747,Password Generator API%%Password of length 50,Password Generator API%%Password of length 50,1,1,337.0000
748,search_places,search,1,0,338.0000
749,siteDomain%%industry list,siteDomain%%industry list,1,1,338.0000
