step,db_id,correct,cumulative_regret
0,warehouse_1,0,1.0000
1,book_1,1,1.0000
2,vehicle_driver,0,2.0000
3,vehicle_rent,1,2.0000
4,book_review,1,2.0000
5,e_commerce,0,3.0000
6,book_review,1,3.0000
7,book_1,1,3.0000
8,cre_Doc_Workflow,1,3.0000
9,art_1,0,4.0000
10,soccer_3,1,4.0000
11,book_review,0,5.0000
12,book_press,1,5.0000
13,movie_2,1,5.0000
14,book_review,1,5.0000
15,real_estate_rentals,1,5.0000
16,advertising_agencies,1,5.0000
17,university_rank,1,5.0000
18,pilot_1,0,6.0000
19,address_1,1,6.0000
20,pilot_1,0,7.0000
21,video_game,1,7.0000
22,cre_Doc_and_collections,1,7.0000
23,art_1,1,7.0000
24,movie_2,1,7.0000
25,pilot_1,1,7.0000
26,soccer_3,1,7.0000
27,boat_1,1,7.0000
28,vehicle_driver,1,7.0000
29,pilot_1,1,7.0000
30,warehouse_1,1,7.0000
31,cre_Doc_and_collections,1,7.0000
32,cre_Doc_Workflow,1,7.0000
33,university_rank,1,7.0000
34,customers_and_orders,1,7.0000
35,institution_sports,1,7.0000
36,warehouse_1,1,7.0000
37,car_racing,1,7.0000
38,planet_1,1,7.0000
39,country_language,1,7.0000
40,art_1,0,8.0000
41,government_shift,0,9.0000
42,online_exams,1,9.0000
43,region_building,1,9.0000
44,pilot_1,1,9.0000
45,restaurant_bills,1,9.0000
46,planet_1,0,10.0000
47,art_1,1,10.0000
48,advertising_agencies,1,10.0000
49,sing_contest,1,10.0000
50,university_rank,1,10.0000
51,boat_1,0,11.0000
52,e_commerce,1,11.0000
53,book_review,1,11.0000
54,vehicle_rent,1,11.0000
55,book_review,1,11.0000
56,planet_1,1,11.0000
57,cre_Doc_and_collections,1,11.0000
58,advertising_agencies,1,11.0000
59,movie_2,1,11.0000
60,car_road_race,1,11.0000
61,bakery_1,0,12.0000
62,aan_1,0,13.0000
63,car_racing,1,13.0000
64,movie_2,0,14.0000
65,cre_Students_Information_Systems,0,15.0000
66,art_1,1,15.0000
67,conference,1,15.0000
68,country_language,1,15.0000
69,customers_and_orders,1,15.0000
70,bakery_1,0,16.0000
71,car_road_race,1,16.0000
72,cre_Doc_and_collections,0,17.0000
73,cre_Doc_and_collections,0,18.0000
74,restaurant_bills,0,19.0000
75,boat_1,1,19.0000
76,bakery_1,1,19.0000
77,government_shift,0,20.0000
78,book_review,1,20.0000
79,country_language,1,20.0000
80,bakery_1,0,21.0000
81,movie_2,0,22.0000
82,art_1,1,22.0000
83,advertising_agencies,1,22.0000
84,advertising_agencies,0,23.0000
85,car_racing,1,23.0000
86,vehicle_rent,1,23.0000
87,advertising_agencies,1,23.0000
88,cre_Doc_and_collections,1,23.0000
89,boat_1,1,23.0000
90,soccer_3,1,23.0000
91,country_language,1,23.0000
92,cre_Doc_and_collections,0,24.0000
93,e_commerce,1,24.0000
94,car_racing,1,24.0000
95,real_estate_rentals,0,25.0000
96,customers_and_orders,1,25.0000
97,book_review,1,25.0000
98,book_press,0,26.0000
99,planet_1,1,26.0000
100,e_commerce,1,26.0000
101,e_commerce,1,26.0000
102,boat_1,0,27.0000
103,cre_Students_Information_Systems,0,28.0000
104,club_leader,1,28.0000
105,aan_1,0,29.0000
106,boat_1,1,29.0000
107,customers_and_orders,1,29.0000
108,art_1,1,29.0000
109,advertising_agencies,1,29.0000
110,address_1,1,29.0000
111,art_1,1,29.0000
112,country_language,1,29.0000
113,car_racing,1,29.0000
114,soccer_3,1,29.0000
115,customers_and_orders,1,29.0000
116,online_exams,1,29.0000
117,cre_Doc_and_collections,1,29.0000
118,book_press,1,29.0000
119,book_press,0,30.0000
120,car_racing,1,30.0000
121,warehouse_1,1,30.0000
122,art_1,1,30.0000
123,boat_1,1,30.0000
124,aan_1,1,30.0000
125,e_commerce,0,31.0000
126,car_racing,1,31.0000
127,warehouse_1,1,31.0000
128,planet_1,1,31.0000
129,country_language,1,31.0000
130,vehicle_driver,0,32.0000
131,real_estate_rentals,0,33.0000
132,real_estate_rentals,0,34.0000
133,cre_Students_Information_Systems,0,35.0000
134,real_estate_rentals,0,36.0000
135,tv_shows,1,36.0000
136,warehouse_1,1,36.0000
137,warehouse_1,1,36.0000
138,bakery_1,1,36.0000
139,book_1,1,36.0000
140,cre_Students_Information_Systems,0,37.0000
141,aan_1,1,37.0000
142,restaurant_bills,1,37.0000
143,video_game,1,37.0000
144,bakery_1,1,37.0000
145,aan_1,1,37.0000
146,art_1,1,37.0000
147,movie_2,0,38.0000
148,cre_Students_Information_Systems,1,38.0000
149,institution_sports,1,38.0000
150,e_commerce,0,39.0000
151,headphone_store,1,39.0000
152,book_1,1,39.0000
153,pilot_1,0,40.0000
154,art_1,1,40.0000
155,bakery_1,0,41.0000
156,conference,1,41.0000
157,customers_and_orders,1,41.0000
158,book_review,1,41.0000
159,warehouse_1,0,42.0000
160,pilot_1,1,42.0000
161,bakery_1,1,42.0000
162,cre_Doc_Workflow,1,42.0000
163,cre_Doc_and_collections,0,43.0000
164,bbc_channels,1,43.0000
165,institution_sports,1,43.0000
166,online_exams,1,43.0000
167,real_estate_rentals,1,43.0000
168,region_building,1,43.0000
169,region_building,1,43.0000
170,real_estate_rentals,0,44.0000
171,cre_Students_Information_Systems,1,44.0000
172,book_press,1,44.0000
173,cre_Doc_Workflow,1,44.0000
174,book_press,0,45.0000
175,boat_1,0,46.0000
176,university_rank,0,47.0000
177,club_leader,1,47.0000
178,boat_1,1,47.0000
179,region_building,1,47.0000
180,book_press,0,48.0000
181,real_estate_rentals,1,48.0000
182,boat_1,1,48.0000
183,movie_2,1,48.0000
184,institution_sports,0,49.0000
185,aan_1,0,50.0000
186,bakery_1,1,50.0000
187,conference,1,50.0000
188,customers_and_orders,1,50.0000
189,book_1,1,50.0000
190,country_language,1,50.0000
191,pilot_1,1,50.0000
192,car_road_race,1,50.0000
193,book_1,1,50.0000
194,real_estate_rentals,1,50.0000
195,movie_2,1,50.0000
196,book_press,1,50.0000
197,warehouse_1,1,50.0000
198,warehouse_1,0,51.0000
199,bbc_channels,1,51.0000
200,cre_Doc_and_collections,0,52.0000
201,book_1,1,52.0000
202,car_racing,1,52.0000
203,restaurant_bills,1,52.0000
204,book_review,1,52.0000
205,boat_1,0,53.0000
206,customers_and_orders,1,53.0000
207,warehouse_1,0,54.0000
208,bakery_1,0,55.0000
209,e_commerce,0,56.0000
210,pilot_1,1,56.0000
211,car_road_race,1,56.0000
212,art_1,1,56.0000
213,address_1,0,57.0000
214,aan_1,0,58.0000
215,art_1,1,58.0000
216,real_estate_rentals,1,58.0000
217,address_1,0,59.0000
218,advertising_agencies,1,59.0000
219,cre_Doc_and_collections,0,60.0000
220,vehicle_driver,1,60.0000
221,art_1,0,61.0000
222,cre_Doc_and_collections,1,61.0000
223,customers_and_orders,1,61.0000
224,institution_sports,1,61.0000
225,art_1,1,61.0000
226,pilot_1,1,61.0000
227,bakery_1,0,62.0000
228,boat_1,0,63.0000
229,sing_contest,1,63.0000
230,aan_1,1,63.0000
231,cre_Doc_and_collections,1,63.0000
232,e_commerce,0,64.0000
233,planet_1,1,64.0000
234,advertising_agencies,1,64.0000
235,bike_racing,1,64.0000
236,cre_Students_Information_Systems,1,64.0000
237,bakery_1,0,65.0000
238,video_game,1,65.0000
239,pilot_1,0,66.0000
240,movie_2,1,66.0000
241,bike_racing,0,67.0000
242,country_language,1,67.0000
243,soccer_3,1,67.0000
244,customers_and_orders,1,67.0000
245,club_leader,0,68.0000
246,bakery_1,1,68.0000
247,art_1,1,68.0000
248,aan_1,0,69.0000
249,bike_racing,1,69.0000
250,advertising_agencies,1,69.0000
251,art_1,0,70.0000
252,book_1,1,70.0000
253,address_1,1,70.0000
254,boat_1,0,71.0000
255,car_road_race,1,71.0000
256,pilot_1,1,71.0000
257,district_spokesman,1,71.0000
258,boat_1,1,71.0000
259,soccer_3,1,71.0000
260,car_road_race,1,71.0000
261,real_estate_rentals,1,71.0000
262,cre_Doc_and_collections,0,72.0000
263,book_1,1,72.0000
264,planet_1,1,72.0000
265,pilot_1,1,72.0000
266,headphone_store,1,72.0000
267,car_racing,1,72.0000
268,car_road_race,1,72.0000
269,pilot_1,1,72.0000
270,bakery_1,1,72.0000
271,art_1,1,72.0000
272,pilot_1,0,73.0000
273,address_1,1,73.0000
274,warehouse_1,0,74.0000
275,headphone_store,1,74.0000
276,boat_1,1,74.0000
277,vehicle_rent,1,74.0000
278,government_shift,0,75.0000
279,aan_1,1,75.0000
280,university_rank,1,75.0000
281,planet_1,1,75.0000
282,video_game,1,75.0000
283,aan_1,1,75.0000
284,customers_and_orders,1,75.0000
285,institution_sports,1,75.0000
286,conference,1,75.0000
287,advertising_agencies,1,75.0000
288,bakery_1,0,76.0000
289,boat_1,1,76.0000
290,bike_racing,1,76.0000
291,e_commerce,1,76.0000
292,book_review,1,76.0000
293,planet_1,0,77.0000
294,cre_Doc_and_collections,1,77.0000
295,video_game,1,77.0000
296,vehicle_driver,1,77.0000
297,warehouse_1,1,77.0000
298,soccer_3,1,77.0000
299,cre_Doc_and_collections,1,77.0000
300,bakery_1,0,78.0000
301,region_building,1,78.0000
302,planet_1,0,79.0000
303,institution_sports,1,79.0000
304,e_commerce,1,79.0000
305,movie_2,1,79.0000
306,real_estate_rentals,1,79.0000
307,advertising_agencies,1,79.0000
308,boat_1,1,79.0000
309,institution_sports,0,80.0000
310,address_1,1,80.0000
311,advertising_agencies,1,80.0000
312,institution_sports,1,80.0000
313,warehouse_1,0,81.0000
314,customers_and_orders,1,81.0000
315,art_1,1,81.0000
316,pilot_1,1,81.0000
317,restaurant_bills,1,81.0000
318,tv_shows,1,81.0000
319,aan_1,0,82.0000
320,boat_1,0,83.0000
321,book_1,1,83.0000
322,art_1,0,84.0000
323,university_rank,1,84.0000
324,cre_Doc_and_collections,0,85.0000
325,video_game,1,85.0000
326,address_1,0,86.0000
327,video_game,1,86.0000
328,vehicle_driver,1,86.0000
329,aan_1,0,87.0000
330,movie_2,0,88.0000
331,boat_1,0,89.0000
332,car_road_race,0,90.0000
333,advertising_agencies,1,90.0000
334,e_commerce,1,90.0000
335,country_language,1,90.0000
336,bike_racing,1,90.0000
337,cre_Students_Information_Systems,0,91.0000
338,art_1,0,92.0000
339,movie_2,0,93.0000
340,bakery_1,0,94.0000
341,planet_1,0,95.0000
342,soccer_3,1,95.0000
343,government_shift,1,95.0000
344,cre_Students_Information_Systems,1,95.0000
345,cre_Doc_Workflow,1,95.0000
346,e_commerce,1,95.0000
347,cre_Doc_and_collections,1,95.0000
348,aan_1,0,96.0000
349,bakery_1,1,96.0000
350,cre_Doc_Workflow,1,96.0000
351,e_commerce,1,96.0000
352,customers_and_orders,1,96.0000
353,online_exams,1,96.0000
354,warehouse_1,1,96.0000
355,pilot_1,1,96.0000
356,soccer_3,1,96.0000
357,video_game,1,96.0000
358,movie_2,1,96.0000
359,e_commerce,1,96.0000
360,real_estate_rentals,0,97.0000
361,country_language,1,97.0000
362,cre_Students_Information_Systems,1,97.0000
363,bakery_1,0,98.0000
364,tv_shows,1,98.0000
365,car_racing,1,98.0000
366,planet_1,1,98.0000
367,tv_shows,1,98.0000
368,vehicle_driver,1,98.0000
369,customers_and_orders,1,98.0000
370,warehouse_1,1,98.0000
371,address_1,0,99.0000
372,customers_and_orders,1,99.0000
373,art_1,1,99.0000
374,aan_1,0,100.0000
375,planet_1,1,100.0000
376,address_1,1,100.0000
377,pilot_1,1,100.0000
378,advertising_agencies,0,101.0000
379,book_1,1,101.0000
380,institution_sports,1,101.0000
381,real_estate_rentals,1,101.0000
382,advertising_agencies,1,101.0000
383,advertising_agencies,1,101.0000
384,club_leader,0,102.0000
385,movie_2,1,102.0000
386,sing_contest,1,102.0000
387,aan_1,1,102.0000
388,aan_1,1,102.0000
389,address_1,0,103.0000
390,address_1,1,103.0000
391,address_1,1,103.0000
392,video_game,1,103.0000
393,online_exams,1,103.0000
394,real_estate_rentals,1,103.0000
395,government_shift,1,103.0000
396,boat_1,1,103.0000
397,bakery_1,1,103.0000
398,headphone_store,0,104.0000
399,customers_and_orders,1,104.0000
400,aan_1,0,105.0000
401,bbc_channels,0,106.0000
402,boat_1,0,107.0000
403,bakery_1,1,107.0000
404,planet_1,1,107.0000
405,aan_1,1,107.0000
406,e_commerce,1,107.0000
407,cre_Students_Information_Systems,1,107.0000
408,cre_Doc_and_collections,0,108.0000
409,real_estate_rentals,0,109.0000
410,conference,1,109.0000
411,conference,1,109.0000
412,pilot_1,1,109.0000
413,government_shift,1,109.0000
414,advertising_agencies,1,109.0000
415,bakery_1,0,110.0000
416,cre_Doc_Workflow,1,110.0000
417,e_commerce,1,110.0000
418,advertising_agencies,1,110.0000
419,aan_1,0,111.0000
420,planet_1,1,111.0000
421,customers_and_orders,1,111.0000
422,online_exams,1,111.0000
423,planet_1,1,111.0000
424,car_racing,1,111.0000
425,institution_sports,1,111.0000
426,advertising_agencies,1,111.0000
427,institution_sports,1,111.0000
428,conference,1,111.0000
429,government_shift,0,112.0000
430,country_language,1,112.0000
431,bakery_1,1,112.0000
432,cre_Doc_and_collections,1,112.0000
433,advertising_agencies,1,112.0000
434,pilot_1,0,113.0000
435,car_road_race,1,113.0000
436,bakery_1,1,113.0000
437,pilot_1,1,113.0000
438,address_1,1,113.0000
439,customers_and_orders,1,113.0000
440,headphone_store,1,113.0000
441,district_spokesman,1,113.0000
442,sing_contest,1,113.0000
443,cre_Doc_and_collections,1,113.0000
444,institution_sports,1,113.0000
445,warehouse_1,1,113.0000
446,headphone_store,1,113.0000
447,movie_2,0,114.0000
448,movie_2,1,114.0000
449,book_press,1,114.0000
450,pilot_1,1,114.0000
451,university_rank,1,114.0000
452,customers_and_orders,1,114.0000
453,art_1,0,115.0000
454,car_road_race,1,115.0000
455,real_estate_rentals,0,116.0000
456,car_racing,1,116.0000
457,region_building,1,116.0000
458,aan_1,0,117.0000
459,vehicle_driver,1,117.0000
460,book_1,0,118.0000
461,cre_Doc_and_collections,0,119.0000
462,cre_Doc_and_collections,1,119.0000
463,boat_1,0,120.0000
464,boat_1,0,121.0000
465,online_exams,1,121.0000
466,headphone_store,1,121.0000
467,bike_racing,1,121.0000
468,customers_and_orders,1,121.0000
469,boat_1,1,121.0000
470,vehicle_rent,1,121.0000
471,advertising_agencies,1,121.0000
472,car_road_race,1,121.0000
473,art_1,0,122.0000
474,planet_1,0,123.0000
475,online_exams,1,123.0000
476,video_game,1,123.0000
477,customers_and_orders,1,123.0000
478,e_commerce,1,123.0000
479,soccer_3,1,123.0000
480,pilot_1,1,123.0000
481,art_1,0,124.0000
482,vehicle_rent,1,124.0000
483,art_1,0,125.0000
484,aan_1,1,125.0000
485,headphone_store,0,126.0000
486,online_exams,1,126.0000
487,club_leader,0,127.0000
488,art_1,1,127.0000
489,advertising_agencies,1,127.0000
490,car_road_race,1,127.0000
491,car_racing,1,127.0000
492,car_road_race,1,127.0000
493,car_racing,1,127.0000
494,book_press,1,127.0000
495,car_racing,1,127.0000
496,customers_and_orders,1,127.0000
497,real_estate_rentals,0,128.0000
498,planet_1,1,128.0000
499,advertising_agencies,1,128.0000
500,planet_1,1,128.0000
501,region_building,1,128.0000
502,planet_1,0,129.0000
503,advertising_agencies,1,129.0000
504,region_building,1,129.0000
505,planet_1,1,129.0000
506,warehouse_1,1,129.0000
507,pilot_1,1,129.0000
508,region_building,1,129.0000
509,book_1,1,129.0000
510,cre_Students_Information_Systems,0,130.0000
511,pilot_1,1,130.0000
512,car_road_race,1,130.0000
513,warehouse_1,1,130.0000
514,movie_2,1,130.0000
515,movie_2,1,130.0000
516,e_commerce,1,130.0000
517,region_building,1,130.0000
518,university_rank,1,130.0000
519,soccer_3,1,130.0000
520,institution_sports,1,130.0000
521,e_commerce,1,130.0000
522,bakery_1,1,130.0000
523,vehicle_rent,1,130.0000
524,advertising_agencies,0,131.0000
525,cre_Doc_and_collections,1,131.0000
526,car_racing,1,131.0000
527,headphone_store,1,131.0000
528,cre_Doc_and_collections,1,131.0000
529,region_building,0,132.0000
530,car_racing,1,132.0000
531,advertising_agencies,1,132.0000
532,art_1,1,132.0000
533,online_exams,1,132.0000
534,country_language,0,133.0000
535,book_1,1,133.0000
536,pilot_1,1,133.0000
537,tv_shows,1,133.0000
538,e_commerce,0,134.0000
539,book_press,1,134.0000
540,pilot_1,1,134.0000
541,university_rank,1,134.0000
542,region_building,1,134.0000
543,tv_shows,1,134.0000
544,movie_2,1,134.0000
545,cre_Doc_Workflow,1,134.0000
546,warehouse_1,1,134.0000
547,car_racing,1,134.0000
548,car_racing,1,134.0000
549,customers_and_orders,1,134.0000
550,tv_shows,1,134.0000
551,cre_Students_Information_Systems,1,134.0000
552,country_language,0,135.0000
553,university_rank,1,135.0000
554,art_1,0,136.0000
555,book_1,1,136.0000
556,aan_1,0,137.0000
557,aan_1,1,137.0000
558,book_1,1,137.0000
559,soccer_3,1,137.0000
560,country_language,1,137.0000
561,cre_Doc_and_collections,1,137.0000
562,planet_1,1,137.0000
563,address_1,0,138.0000
564,cre_Doc_and_collections,1,138.0000
565,bbc_channels,1,138.0000
566,customers_and_orders,1,138.0000
567,art_1,1,138.0000
568,planet_1,0,139.0000
569,cre_Students_Information_Systems,1,139.0000
570,vehicle_rent,1,139.0000
571,car_racing,1,139.0000
572,warehouse_1,0,140.0000
573,vehicle_driver,1,140.0000
574,warehouse_1,0,141.0000
575,pilot_1,1,141.0000
576,vehicle_driver,1,141.0000
577,address_1,1,141.0000
578,cre_Doc_and_collections,1,141.0000
579,conference,1,141.0000
580,conference,0,142.0000
581,customers_and_orders,1,142.0000
582,cre_Doc_and_collections,0,143.0000
583,warehouse_1,1,143.0000
584,book_1,1,143.0000
585,soccer_3,1,143.0000
586,boat_1,1,143.0000
587,cre_Doc_and_collections,0,144.0000
588,warehouse_1,1,144.0000
589,sing_contest,1,144.0000
590,university_rank,1,144.0000
591,conference,1,144.0000
592,video_game,1,144.0000
593,planet_1,0,145.0000
594,institution_sports,1,145.0000
595,pilot_1,0,146.0000
596,vehicle_rent,1,146.0000
597,art_1,0,147.0000
598,planet_1,0,148.0000
599,real_estate_rentals,1,148.0000
600,soccer_3,1,148.0000
601,warehouse_1,0,149.0000
602,real_estate_rentals,1,149.0000
603,pilot_1,0,150.0000
604,e_commerce,1,150.0000
605,book_1,1,150.0000
606,advertising_agencies,1,150.0000
607,vehicle_rent,0,151.0000
608,bakery_1,1,151.0000
609,book_1,1,151.0000
610,government_shift,0,152.0000
611,vehicle_rent,1,152.0000
612,region_building,1,152.0000
613,aan_1,0,153.0000
614,book_1,0,154.0000
615,customers_and_orders,1,154.0000
616,online_exams,1,154.0000
617,book_1,1,154.0000
618,online_exams,0,155.0000
619,cre_Doc_and_collections,1,155.0000
620,book_press,0,156.0000
621,pilot_1,1,156.0000
622,soccer_3,1,156.0000
623,aan_1,0,157.0000
624,pilot_1,1,157.0000
625,pilot_1,0,158.0000
626,art_1,0,159.0000
627,warehouse_1,1,159.0000
628,cre_Students_Information_Systems,0,160.0000
629,country_language,1,160.0000
630,bakery_1,0,161.0000
631,advertising_agencies,1,161.0000
632,e_commerce,0,162.0000
633,real_estate_rentals,1,162.0000
634,bakery_1,1,162.0000
635,headphone_store,1,162.0000
636,headphone_store,1,162.0000
637,cre_Students_Information_Systems,1,162.0000
638,region_building,1,162.0000
639,pilot_1,0,163.0000
640,planet_1,1,163.0000
641,real_estate_rentals,0,164.0000
642,cre_Doc_and_collections,0,165.0000
643,cre_Students_Information_Systems,1,165.0000
644,book_1,1,165.0000
645,address_1,0,166.0000
646,restaurant_bills,1,166.0000
647,real_estate_rentals,1,166.0000
648,sing_contest,1,166.0000
649,pilot_1,1,166.0000
650,cre_Doc_Workflow,1,166.0000
651,planet_1,0,167.0000
652,video_game,1,167.0000
653,bbc_channels,1,167.0000
654,customers_and_orders,0,168.0000
655,planet_1,1,168.0000
656,movie_2,1,168.0000
657,advertising_agencies,1,168.0000
658,art_1,1,168.0000
659,government_shift,0,169.0000
660,advertising_agencies,1,169.0000
661,bakery_1,0,170.0000
662,bakery_1,0,171.0000
663,warehouse_1,1,171.0000
664,aan_1,0,172.0000
665,university_rank,1,172.0000
666,planet_1,1,172.0000
667,movie_2,1,172.0000
668,customers_and_orders,1,172.0000
669,customers_and_orders,1,172.0000
670,warehouse_1,1,172.0000
671,e_commerce,0,173.0000
672,book_press,1,173.0000
673,cre_Doc_and_collections,0,174.0000
674,soccer_3,1,174.0000
675,government_shift,0,175.0000
676,warehouse_1,1,175.0000
677,vehicle_driver,0,176.0000
678,cre_Doc_Workflow,1,176.0000
679,vehicle_driver,1,176.0000
680,warehouse_1,1,176.0000
681,boat_1,1,176.0000
682,warehouse_1,0,177.0000
683,book_1,1,177.0000
684,conference,0,178.0000
685,boat_1,0,179.0000
686,cre_Doc_Workflow,1,179.0000
687,e_commerce,1,179.0000
688,book_1,1,179.0000
689,soccer_3,1,179.0000
690,conference,1,179.0000
691,bakery_1,0,180.0000
692,institution_sports,1,180.0000
693,real_estate_rentals,0,181.0000
694,tv_shows,1,181.0000
695,online_exams,1,181.0000
696,government_shift,1,181.0000
697,vehicle_rent,1,181.0000
698,club_leader,0,182.0000
699,car_racing,1,182.0000
700,cre_Doc_Workflow,1,182.0000
701,cre_Doc_Workflow,1,182.0000
702,book_1,1,182.0000
703,video_game,1,182.0000
704,bike_racing,1,182.0000
705,region_building,1,182.0000
706,boat_1,1,182.0000
707,book_1,1,182.0000
708,government_shift,0,183.0000
709,car_road_race,1,183.0000
710,advertising_agencies,1,183.0000
711,art_1,1,183.0000
712,real_estate_rentals,1,183.0000
713,address_1,1,183.0000
714,cre_Students_Information_Systems,0,184.0000
715,art_1,0,185.0000
716,video_game,1,185.0000
717,cre_Doc_and_collections,0,186.0000
718,e_commerce,0,187.0000
719,country_language,1,187.0000
720,advertising_agencies,1,187.0000
721,customers_and_orders,1,187.0000
722,university_rank,1,187.0000
723,boat_1,0,188.0000
724,e_commerce,1,188.0000
725,vehicle_driver,1,188.0000
726,conference,1,188.0000
727,vehicle_rent,1,188.0000
728,car_racing,1,188.0000
729,conference,0,189.0000
730,book_review,1,189.0000
731,bbc_channels,1,189.0000
732,pilot_1,1,189.0000
733,aan_1,0,190.0000
734,pilot_1,0,191.0000
735,planet_1,0,192.0000
736,university_rank,0,193.0000
737,bike_racing,1,193.0000
738,boat_1,0,194.0000
739,university_rank,0,195.0000
740,planet_1,0,196.0000
741,aan_1,1,196.0000
742,real_estate_rentals,1,196.0000
743,university_rank,1,196.0000
744,tv_shows,1,196.0000
745,district_spokesman,1,196.0000
746,pilot_1,0,197.0000
747,bbc_channels,1,197.0000
748,warehouse_1,1,197.0000
749,conference,1,197.0000
750,book_1,0,198.0000
751,video_game,1,198.0000
752,country_language,0,199.0000
753,bakery_1,1,199.0000
754,customers_and_orders,1,199.0000
755,institution_sports,1,199.0000
756,cre_Doc_Workflow,1,199.0000
757,conference,0,200.0000
758,headphone_store,0,201.0000
759,customers_and_orders,1,201.0000
760,country_language,1,201.0000
761,boat_1,0,202.0000
762,soccer_3,1,202.0000
763,advertising_agencies,1,202.0000
764,e_commerce,0,203.0000
765,headphone_store,1,203.0000
766,advertising_agencies,1,203.0000
767,university_rank,1,203.0000
768,car_racing,1,203.0000
769,bakery_1,1,203.0000
770,conference,0,204.0000
771,customers_and_orders,1,204.0000
772,video_game,1,204.0000
773,country_language,1,204.0000
774,cre_Students_Information_Systems,1,204.0000
775,e_commerce,0,205.0000
776,pilot_1,1,205.0000
777,cre_Students_Information_Systems,0,206.0000
778,art_1,1,206.0000
779,warehouse_1,0,207.0000
780,restaurant_bills,1,207.0000
781,cre_Doc_and_collections,1,207.0000
782,customers_and_orders,1,207.0000
783,government_shift,1,207.0000
784,district_spokesman,1,207.0000
785,headphone_store,1,207.0000
786,advertising_agencies,1,207.0000
787,district_spokesman,1,207.0000
788,country_language,1,207.0000
789,district_spokesman,1,207.0000
790,advertising_agencies,0,208.0000
791,address_1,1,208.0000
792,cre_Doc_and_collections,0,209.0000
793,e_commerce,1,209.0000
794,restaurant_bills,1,209.0000
795,conference,0,210.0000
796,region_building,1,210.0000
797,video_game,1,210.0000
798,region_building,1,210.0000
799,government_shift,1,210.0000
800,warehouse_1,0,211.0000
801,soccer_3,1,211.0000
802,book_press,1,211.0000
803,region_building,1,211.0000
804,vehicle_driver,1,211.0000
805,cre_Doc_and_collections,1,211.0000
806,real_estate_rentals,0,212.0000
807,planet_1,1,212.0000
808,online_exams,1,212.0000
809,address_1,1,212.0000
810,e_commerce,1,212.0000
811,tv_shows,1,212.0000
812,vehicle_rent,1,212.0000
813,planet_1,1,212.0000
814,pilot_1,0,213.0000
815,customers_and_orders,0,214.0000
816,real_estate_rentals,0,215.0000
817,car_racing,1,215.0000
818,advertising_agencies,1,215.0000
819,e_commerce,1,215.0000
820,video_game,1,215.0000
821,bike_racing,0,216.0000
822,advertising_agencies,0,217.0000
823,region_building,1,217.0000
824,vehicle_driver,1,217.0000
825,vehicle_rent,1,217.0000
826,pilot_1,1,217.0000
827,bakery_1,0,218.0000
828,cre_Students_Information_Systems,1,218.0000
829,institution_sports,1,218.0000
830,pilot_1,1,218.0000
831,government_shift,1,218.0000
832,customers_and_orders,1,218.0000
833,aan_1,1,218.0000
834,cre_Doc_Workflow,1,218.0000
835,sing_contest,1,218.0000
836,real_estate_rentals,0,219.0000
837,vehicle_rent,1,219.0000
838,book_1,1,219.0000
839,e_commerce,0,220.0000
840,headphone_store,1,220.0000
841,soccer_3,1,220.0000
842,movie_2,0,221.0000
843,bakery_1,0,222.0000
844,warehouse_1,0,223.0000
845,restaurant_bills,1,223.0000
846,customers_and_orders,1,223.0000
847,country_language,1,223.0000
848,art_1,1,223.0000
849,book_1,1,223.0000
850,address_1,1,223.0000
851,online_exams,1,223.0000
852,bbc_channels,0,224.0000
853,car_road_race,1,224.0000
854,boat_1,1,224.0000
855,university_rank,1,224.0000
856,conference,1,224.0000
857,advertising_agencies,1,224.0000
858,art_1,0,225.0000
859,address_1,0,226.0000
860,art_1,1,226.0000
861,planet_1,1,226.0000
862,address_1,1,226.0000
863,address_1,0,227.0000
864,pilot_1,0,228.0000
865,aan_1,1,228.0000
866,aan_1,0,229.0000
867,club_leader,1,229.0000
868,e_commerce,0,230.0000
869,bakery_1,0,231.0000
870,vehicle_driver,1,231.0000
871,real_estate_rentals,0,232.0000
872,book_press,1,232.0000
873,vehicle_rent,1,232.0000
874,car_road_race,1,232.0000
875,customers_and_orders,1,232.0000
876,tv_shows,1,232.0000
877,e_commerce,1,232.0000
878,country_language,1,232.0000
879,cre_Students_Information_Systems,1,232.0000
880,soccer_3,1,232.0000
881,book_press,1,232.0000
882,book_1,1,232.0000
883,car_racing,1,232.0000
884,planet_1,0,233.0000
885,cre_Students_Information_Systems,1,233.0000
886,cre_Doc_and_collections,1,233.0000
887,conference,1,233.0000
888,car_racing,1,233.0000
889,video_game,0,234.0000
890,club_leader,0,235.0000
891,vehicle_rent,1,235.0000
892,address_1,1,235.0000
893,pilot_1,1,235.0000
894,address_1,0,236.0000
895,car_road_race,1,236.0000
896,real_estate_rentals,1,236.0000
897,cre_Students_Information_Systems,0,237.0000
898,aan_1,1,237.0000
899,planet_1,0,238.0000
900,advertising_agencies,1,238.0000
901,address_1,1,238.0000
902,pilot_1,1,238.0000
903,book_1,1,238.0000
904,book_press,1,238.0000
905,car_racing,1,238.0000
906,bakery_1,0,239.0000
907,district_spokesman,1,239.0000
908,online_exams,1,239.0000
909,cre_Students_Information_Systems,1,239.0000
910,online_exams,0,240.0000
911,aan_1,1,240.0000
912,online_exams,1,240.0000
913,headphone_store,1,240.0000
914,institution_sports,1,240.0000
915,advertising_agencies,1,240.0000
916,car_road_race,1,240.0000
917,real_estate_rentals,1,240.0000
918,conference,0,241.0000
919,address_1,0,242.0000
920,customers_and_orders,1,242.0000
921,cre_Students_Information_Systems,1,242.0000
922,government_shift,0,243.0000
923,car_road_race,1,243.0000
924,aan_1,0,244.0000
925,bakery_1,0,245.0000
926,book_1,1,245.0000
927,boat_1,0,246.0000
928,cre_Doc_and_collections,1,246.0000
929,customers_and_orders,1,246.0000
930,real_estate_rentals,1,246.0000
931,bbc_channels,1,246.0000
932,bakery_1,1,246.0000
933,book_press,1,246.0000
934,e_commerce,1,246.0000
935,planet_1,1,246.0000
936,headphone_store,1,246.0000
937,customers_and_orders,1,246.0000
938,advertising_agencies,1,246.0000
939,real_estate_rentals,0,247.0000
940,country_language,1,247.0000
941,e_commerce,1,247.0000
942,university_rank,0,248.0000
943,university_rank,0,249.0000
944,pilot_1,1,249.0000
945,cre_Doc_and_collections,0,250.0000
946,warehouse_1,0,251.0000
947,university_rank,1,251.0000
948,book_1,1,251.0000
949,planet_1,0,252.0000
950,soccer_3,1,252.0000
951,address_1,1,252.0000
952,online_exams,1,252.0000
953,university_rank,1,252.0000
954,warehouse_1,1,252.0000
955,boat_1,0,253.0000
956,restaurant_bills,1,253.0000
957,institution_sports,1,253.0000
958,sing_contest,1,253.0000
959,warehouse_1,1,253.0000
960,cre_Students_Information_Systems,1,253.0000
961,book_press,1,253.0000
962,movie_2,1,253.0000
963,aan_1,1,253.0000
964,warehouse_1,1,253.0000
965,bakery_1,1,253.0000
966,headphone_store,1,253.0000
967,country_language,1,253.0000
968,bbc_channels,1,253.0000
969,address_1,1,253.0000
970,bakery_1,0,254.0000
971,cre_Students_Information_Systems,1,254.0000
972,warehouse_1,0,255.0000
973,warehouse_1,1,255.0000
974,art_1,1,255.0000
975,boat_1,1,255.0000
976,aan_1,0,256.0000
977,vehicle_driver,0,257.0000
978,car_road_race,1,257.0000
979,vehicle_rent,0,258.0000
980,headphone_store,1,258.0000
981,cre_Students_Information_Systems,1,258.0000
982,online_exams,1,258.0000
983,cre_Students_Information_Systems,1,258.0000
984,planet_1,1,258.0000
985,advertising_agencies,1,258.0000
986,e_commerce,0,259.0000
987,bakery_1,1,259.0000
988,bakery_1,0,260.0000
989,book_1,1,260.0000
990,art_1,0,261.0000
991,planet_1,1,261.0000
992,movie_2,0,262.0000
993,aan_1,0,263.0000
994,district_spokesman,1,263.0000
995,bakery_1,0,264.0000
996,real_estate_rentals,0,265.0000
997,bike_racing,1,265.0000
998,cre_Doc_and_collections,1,265.0000
999,car_road_race,1,265.0000
1000,art_1,1,265.0000
1001,real_estate_rentals,1,265.0000
1002,cre_Students_Information_Systems,1,265.0000
1003,advertising_agencies,0,266.0000
1004,vehicle_rent,1,266.0000
1005,e_commerce,1,266.0000
1006,boat_1,1,266.0000
1007,movie_2,1,266.0000
1008,customers_and_orders,1,266.0000
1009,art_1,1,266.0000
1010,university_rank,1,266.0000
1011,headphone_store,0,267.0000
1012,bbc_channels,1,267.0000
1013,car_racing,1,267.0000
1014,address_1,1,267.0000
1015,region_building,1,267.0000
1016,pilot_1,1,267.0000
1017,video_game,1,267.0000
1018,art_1,0,268.0000
1019,e_commerce,0,269.0000
1020,bakery_1,0,270.0000
1021,restaurant_bills,1,270.0000
1022,book_press,1,270.0000
1023,book_1,1,270.0000
1024,aan_1,1,270.0000
1025,e_commerce,1,270.0000
1026,car_road_race,1,270.0000
1027,advertising_agencies,1,270.0000
1028,boat_1,1,270.0000
1029,art_1,1,270.0000
1030,bike_racing,1,270.0000
1031,university_rank,1,270.0000
1032,art_1,0,271.0000
1033,art_1,0,272.0000
1034,address_1,1,272.0000
1035,warehouse_1,1,272.0000
1036,vehicle_driver,1,272.0000
1037,address_1,0,273.0000
1038,sing_contest,1,273.0000
1039,cre_Doc_and_collections,1,273.0000
1040,real_estate_rentals,1,273.0000
1041,aan_1,0,274.0000
1042,book_press,1,274.0000
1043,address_1,1,274.0000
1044,cre_Students_Information_Systems,1,274.0000
1045,e_commerce,0,275.0000
1046,e_commerce,1,275.0000
1047,region_building,1,275.0000
1048,vehicle_rent,1,275.0000
1049,restaurant_bills,1,275.0000
1050,cre_Doc_and_collections,1,275.0000
1051,warehouse_1,1,275.0000
1052,aan_1,1,275.0000
1053,cre_Students_Information_Systems,0,276.0000
1054,cre_Doc_and_collections,1,276.0000
1055,bakery_1,0,277.0000
1056,art_1,1,277.0000
1057,sing_contest,1,277.0000
1058,restaurant_bills,1,277.0000
1059,soccer_3,1,277.0000
1060,planet_1,0,278.0000
1061,government_shift,0,279.0000
1062,real_estate_rentals,0,280.0000
1063,cre_Doc_and_collections,1,280.0000
1064,conference,1,280.0000
1065,e_commerce,0,281.0000
1066,boat_1,0,282.0000
1067,video_game,1,282.0000
1068,boat_1,1,282.0000
1069,government_shift,0,283.0000
1070,conference,0,284.0000
1071,e_commerce,1,284.0000
1072,pilot_1,1,284.0000
1073,art_1,1,284.0000
1074,headphone_store,1,284.0000
1075,advertising_agencies,1,284.0000
1076,bbc_channels,1,284.0000
1077,video_game,1,284.0000
1078,conference,1,284.0000
1079,movie_2,0,285.0000
1080,cre_Students_Information_Systems,1,285.0000
1081,bakery_1,0,286.0000
1082,book_1,1,286.0000
1083,bakery_1,0,287.0000
1084,advertising_agencies,1,287.0000
1085,vehicle_driver,0,288.0000
1086,car_racing,1,288.0000
1087,soccer_3,1,288.0000
1088,university_rank,1,288.0000
1089,aan_1,1,288.0000
1090,address_1,1,288.0000
1091,aan_1,1,288.0000
1092,pilot_1,1,288.0000
1093,headphone_store,1,288.0000
1094,e_commerce,0,289.0000
1095,art_1,0,290.0000
1096,book_review,1,290.0000
1097,movie_2,0,291.0000
1098,vehicle_driver,1,291.0000
1099,cre_Students_Information_Systems,1,291.0000
1100,online_exams,1,291.0000
1101,boat_1,0,292.0000
1102,warehouse_1,1,292.0000
1103,cre_Students_Information_Systems,1,292.0000
1104,boat_1,1,292.0000
1105,boat_1,1,292.0000
1106,movie_2,1,292.0000
1107,cre_Doc_Workflow,1,292.0000
1108,advertising_agencies,1,292.0000
1109,advertising_agencies,1,292.0000
1110,boat_1,1,292.0000
1111,cre_Doc_Workflow,1,292.0000
1112,pilot_1,1,292.0000
1113,art_1,0,293.0000
1114,warehouse_1,1,293.0000
1115,customers_and_orders,1,293.0000
1116,real_estate_rentals,0,294.0000
1117,government_shift,0,295.0000
1118,advertising_agencies,0,296.0000
1119,government_shift,1,296.0000
1120,pilot_1,0,297.0000
1121,art_1,1,297.0000
1122,vehicle_driver,1,297.0000
1123,car_road_race,1,297.0000
1124,book_1,1,297.0000
1125,university_rank,1,297.0000
1126,planet_1,1,297.0000
1127,customers_and_orders,1,297.0000
1128,planet_1,1,297.0000
1129,vehicle_driver,0,298.0000
1130,car_road_race,1,298.0000
1131,pilot_1,1,298.0000
1132,cre_Doc_and_collections,0,299.0000
1133,aan_1,0,300.0000
1134,club_leader,1,300.0000
1135,bakery_1,0,301.0000
1136,cre_Students_Information_Systems,0,302.0000
1137,boat_1,1,302.0000
1138,bakery_1,1,302.0000
1139,e_commerce,1,302.0000
1140,art_1,1,302.0000
1141,car_racing,1,302.0000
1142,bakery_1,1,302.0000
1143,car_racing,1,302.0000
1144,art_1,1,302.0000
1145,car_road_race,1,302.0000
1146,customers_and_orders,1,302.0000
1147,car_road_race,1,302.0000
1148,restaurant_bills,1,302.0000
1149,aan_1,1,302.0000
1150,restaurant_bills,1,302.0000
1151,institution_sports,1,302.0000
1152,book_1,1,302.0000
1153,art_1,0,303.0000
1154,video_game,1,303.0000
1155,warehouse_1,0,304.0000
1156,movie_2,1,304.0000
1157,government_shift,1,304.0000
1158,advertising_agencies,1,304.0000
1159,pilot_1,0,305.0000
1160,address_1,1,305.0000
1161,headphone_store,0,306.0000
1162,address_1,1,306.0000
1163,district_spokesman,1,306.0000
1164,book_press,0,307.0000
1165,aan_1,1,307.0000
1166,aan_1,1,307.0000
1167,university_rank,1,307.0000
1168,aan_1,1,307.0000
1169,club_leader,1,307.0000
1170,address_1,0,308.0000
1171,book_press,1,308.0000
1172,customers_and_orders,1,308.0000
1173,book_1,1,308.0000
1174,real_estate_rentals,1,308.0000
1175,cre_Doc_and_collections,0,309.0000
1176,art_1,1,309.0000
1177,region_building,0,310.0000
1178,book_1,1,310.0000
1179,soccer_3,1,310.0000
1180,planet_1,1,310.0000
1181,country_language,0,311.0000
1182,boat_1,1,311.0000
1183,bakery_1,0,312.0000
1184,car_racing,1,312.0000
1185,soccer_3,1,312.0000
1186,pilot_1,1,312.0000
1187,address_1,1,312.0000
1188,art_1,0,313.0000
1189,book_press,1,313.0000
1190,soccer_3,1,313.0000
1191,bakery_1,0,314.0000
1192,bakery_1,0,315.0000
1193,real_estate_rentals,1,315.0000
1194,book_review,1,315.0000
1195,video_game,1,315.0000
1196,book_press,1,315.0000
1197,movie_2,1,315.0000
1198,institution_sports,1,315.0000
1199,real_estate_rentals,1,315.0000
1200,region_building,1,315.0000
1201,customers_and_orders,1,315.0000
1202,car_road_race,1,315.0000
1203,advertising_agencies,1,315.0000
1204,bike_racing,1,315.0000
1205,boat_1,1,315.0000
1206,advertising_agencies,1,315.0000
1207,address_1,1,315.0000
1208,region_building,1,315.0000
1209,art_1,0,316.0000
1210,warehouse_1,1,316.0000
1211,cre_Doc_and_collections,1,316.0000
1212,soccer_3,1,316.0000
1213,headphone_store,1,316.0000
1214,cre_Doc_and_collections,1,316.0000
1215,government_shift,0,317.0000
1216,cre_Doc_Workflow,1,317.0000
1217,cre_Students_Information_Systems,0,318.0000
1218,pilot_1,1,318.0000
1219,video_game,1,318.0000
1220,pilot_1,1,318.0000
1221,region_building,1,318.0000
1222,online_exams,1,318.0000
1223,bakery_1,0,319.0000
1224,cre_Students_Information_Systems,1,319.0000
1225,institution_sports,1,319.0000
1226,book_1,1,319.0000
1227,boat_1,1,319.0000
1228,bakery_1,0,320.0000
1229,online_exams,1,320.0000
1230,planet_1,1,320.0000
1231,warehouse_1,1,320.0000
1232,cre_Doc_and_collections,0,321.0000
1233,warehouse_1,0,322.0000
1234,aan_1,1,322.0000
1235,soccer_3,1,322.0000
1236,bakery_1,0,323.0000
1237,pilot_1,1,323.0000
1238,customers_and_orders,1,323.0000
1239,vehicle_rent,1,323.0000
1240,aan_1,1,323.0000
1241,advertising_agencies,1,323.0000
1242,art_1,1,323.0000
1243,university_rank,1,323.0000
1244,online_exams,1,323.0000
1245,government_shift,1,323.0000
1246,headphone_store,1,323.0000
1247,aan_1,0,324.0000
1248,boat_1,1,324.0000
1249,cre_Doc_and_collections,0,325.0000
1250,district_spokesman,1,325.0000
1251,bike_racing,1,325.0000
1252,sing_contest,1,325.0000
1253,region_building,1,325.0000
1254,cre_Doc_and_collections,0,326.0000
1255,bakery_1,1,326.0000
1256,cre_Students_Information_Systems,1,326.0000
1257,car_road_race,1,326.0000
1258,boat_1,1,326.0000
1259,restaurant_bills,1,326.0000
1260,restaurant_bills,1,326.0000
1261,headphone_store,1,326.0000
1262,pilot_1,1,326.0000
1263,advertising_agencies,1,326.0000
1264,e_commerce,1,326.0000
1265,art_1,1,326.0000
1266,conference,1,326.0000
1267,vehicle_rent,1,326.0000
1268,book_1,1,326.0000
1269,art_1,0,327.0000
1270,advertising_agencies,1,327.0000
1271,book_1,1,327.0000
1272,online_exams,1,327.0000
1273,e_commerce,1,327.0000
1274,bakery_1,0,328.0000
1275,government_shift,1,328.0000
1276,book_press,0,329.0000
1277,address_1,1,329.0000
1278,cre_Doc_Workflow,1,329.0000
1279,soccer_3,1,329.0000
1280,institution_sports,1,329.0000
1281,boat_1,1,329.0000
1282,customers_and_orders,1,329.0000
1283,restaurant_bills,1,329.0000
1284,headphone_store,1,329.0000
1285,real_estate_rentals,1,329.0000
1286,sing_contest,1,329.0000
1287,art_1,1,329.0000
1288,pilot_1,0,330.0000
1289,car_road_race,1,330.0000
1290,real_estate_rentals,1,330.0000
1291,warehouse_1,0,331.0000
1292,cre_Doc_and_collections,1,331.0000
1293,advertising_agencies,1,331.0000
1294,region_building,1,331.0000
1295,movie_2,0,332.0000
1296,aan_1,1,332.0000
1297,art_1,0,333.0000
1298,government_shift,0,334.0000
1299,online_exams,1,334.0000
1300,cre_Students_Information_Systems,0,335.0000
1301,boat_1,0,336.0000
1302,real_estate_rentals,0,337.0000
1303,warehouse_1,0,338.0000
1304,country_language,1,338.0000
1305,customers_and_orders,1,338.0000
1306,art_1,0,339.0000
1307,movie_2,1,339.0000
1308,warehouse_1,1,339.0000
1309,university_rank,1,339.0000
1310,customers_and_orders,1,339.0000
1311,headphone_store,0,340.0000
1312,book_press,1,340.0000
1313,bike_racing,1,340.0000
1314,address_1,1,340.0000
1315,university_rank,1,340.0000
1316,institution_sports,1,340.0000
1317,government_shift,0,341.0000
1318,cre_Doc_and_collections,0,342.0000
1319,online_exams,1,342.0000
1320,bbc_channels,1,342.0000
1321,e_commerce,1,342.0000
1322,region_building,1,342.0000
1323,address_1,0,343.0000
1324,book_1,1,343.0000
1325,real_estate_rentals,1,343.0000
1326,cre_Students_Information_Systems,0,344.0000
1327,book_press,0,345.0000
1328,address_1,1,345.0000
1329,art_1,1,345.0000
1330,vehicle_driver,1,345.0000
1331,movie_2,1,345.0000
1332,book_press,0,346.0000
1333,bakery_1,0,347.0000
1334,bakery_1,1,347.0000
1335,aan_1,1,347.0000
1336,customers_and_orders,1,347.0000
1337,planet_1,1,347.0000
1338,address_1,1,347.0000
1339,club_leader,1,347.0000
1340,restaurant_bills,1,347.0000
1341,art_1,0,348.0000
1342,country_language,1,348.0000
1343,pilot_1,1,348.0000
1344,art_1,1,348.0000
1345,university_rank,1,348.0000
1346,pilot_1,1,348.0000
1347,cre_Doc_Workflow,1,348.0000
1348,address_1,1,348.0000
1349,video_game,1,348.0000
1350,advertising_agencies,1,348.0000
1351,vehicle_rent,1,348.0000
1352,cre_Students_Information_Systems,1,348.0000
1353,online_exams,1,348.0000
1354,district_spokesman,1,348.0000
1355,advertising_agencies,1,348.0000
1356,university_rank,1,348.0000
1357,aan_1,0,349.0000
1358,book_press,0,350.0000
1359,sing_contest,0,351.0000
1360,institution_sports,1,351.0000
1361,pilot_1,1,351.0000
1362,e_commerce,0,352.0000
1363,region_building,1,352.0000
1364,book_press,1,352.0000
1365,customers_and_orders,1,352.0000
1366,book_press,0,353.0000
1367,online_exams,1,353.0000
1368,boat_1,1,353.0000
1369,conference,1,353.0000
1370,address_1,1,353.0000
1371,cre_Doc_Workflow,1,353.0000
1372,real_estate_rentals,1,353.0000
1373,advertising_agencies,1,353.0000
1374,movie_2,1,353.0000
1375,university_rank,1,353.0000
1376,art_1,1,353.0000
1377,cre_Students_Information_Systems,0,354.0000
1378,cre_Doc_and_collections,1,354.0000
1379,book_1,1,354.0000
1380,video_game,1,354.0000
1381,aan_1,1,354.0000
1382,real_estate_rentals,1,354.0000
1383,customers_and_orders,1,354.0000
1384,bbc_channels,1,354.0000
1385,customers_and_orders,1,354.0000
1386,e_commerce,1,354.0000
1387,book_1,1,354.0000
1388,soccer_3,0,355.0000
1389,headphone_store,1,355.0000
1390,book_1,1,355.0000
1391,art_1,0,356.0000
1392,institution_sports,0,357.0000
1393,soccer_3,1,357.0000
1394,book_review,1,357.0000
1395,vehicle_rent,1,357.0000
1396,conference,0,358.0000
1397,e_commerce,0,359.0000
1398,book_1,0,360.0000
1399,university_rank,0,361.0000
1400,aan_1,1,361.0000
1401,advertising_agencies,1,361.0000
1402,boat_1,1,361.0000
1403,car_racing,1,361.0000
1404,cre_Doc_Workflow,1,361.0000
1405,online_exams,1,361.0000
1406,club_leader,1,361.0000
1407,e_commerce,1,361.0000
1408,book_press,1,361.0000
1409,vehicle_driver,1,361.0000
1410,cre_Students_Information_Systems,0,362.0000
1411,cre_Doc_and_collections,1,362.0000
1412,real_estate_rentals,1,362.0000
1413,soccer_3,1,362.0000
1414,planet_1,1,362.0000
1415,book_press,1,362.0000
1416,video_game,1,362.0000
1417,online_exams,1,362.0000
1418,conference,0,363.0000
1419,restaurant_bills,1,363.0000
1420,customers_and_orders,1,363.0000
1421,online_exams,1,363.0000
1422,boat_1,1,363.0000
1423,real_estate_rentals,1,363.0000
1424,real_estate_rentals,1,363.0000
1425,vehicle_rent,1,363.0000
1426,conference,1,363.0000
1427,vehicle_driver,1,363.0000
1428,restaurant_bills,1,363.0000
1429,bakery_1,0,364.0000
1430,vehicle_driver,1,364.0000
1431,vehicle_rent,1,364.0000
1432,cre_Doc_and_collections,1,364.0000
1433,address_1,1,364.0000
1434,e_commerce,1,364.0000
1435,advertising_agencies,1,364.0000
1436,sing_contest,1,364.0000
1437,boat_1,1,364.0000
1438,bike_racing,1,364.0000
1439,art_1,1,364.0000
1440,cre_Doc_Workflow,0,365.0000
1441,art_1,1,365.0000
1442,bakery_1,0,366.0000
1443,car_racing,1,366.0000
1444,cre_Doc_Workflow,1,366.0000
1445,art_1,1,366.0000
1446,car_road_race,1,366.0000
1447,real_estate_rentals,1,366.0000
1448,conference,1,366.0000
1449,government_shift,1,366.0000
1450,boat_1,1,366.0000
1451,advertising_agencies,0,367.0000
1452,e_commerce,1,367.0000
1453,book_press,0,368.0000
1454,book_1,1,368.0000
1455,bakery_1,0,369.0000
1456,bike_racing,1,369.0000
1457,bakery_1,0,370.0000
1458,boat_1,1,370.0000
1459,cre_Students_Information_Systems,0,371.0000
1460,aan_1,1,371.0000
1461,book_1,0,372.0000
1462,address_1,0,373.0000
1463,art_1,1,373.0000
1464,planet_1,0,374.0000
1465,cre_Students_Information_Systems,1,374.0000
1466,address_1,0,375.0000
1467,video_game,1,375.0000
1468,art_1,1,375.0000
1469,movie_2,1,375.0000
1470,country_language,1,375.0000
1471,e_commerce,1,375.0000
1472,art_1,0,376.0000
1473,advertising_agencies,1,376.0000
1474,vehicle_driver,1,376.0000
1475,cre_Doc_Workflow,1,376.0000
1476,headphone_store,1,376.0000
1477,cre_Doc_Workflow,1,376.0000
1478,conference,0,377.0000
1479,boat_1,1,377.0000
1480,government_shift,1,377.0000
1481,vehicle_rent,1,377.0000
1482,aan_1,1,377.0000
1483,aan_1,1,377.0000
1484,government_shift,1,377.0000
1485,video_game,1,377.0000
1486,real_estate_rentals,0,378.0000
1487,car_road_race,1,378.0000
1488,address_1,1,378.0000
1489,restaurant_bills,1,378.0000
1490,boat_1,1,378.0000
1491,university_rank,1,378.0000
1492,movie_2,0,379.0000
1493,address_1,0,380.0000
1494,advertising_agencies,1,380.0000
1495,video_game,1,380.0000
1496,address_1,1,380.0000
1497,book_review,1,380.0000
1498,car_racing,1,380.0000
1499,vehicle_driver,0,381.0000
1500,cre_Doc_Workflow,1,381.0000
1501,aan_1,1,381.0000
1502,customers_and_orders,1,381.0000
1503,advertising_agencies,1,381.0000
1504,advertising_agencies,1,381.0000
1505,book_press,1,381.0000
1506,customers_and_orders,1,381.0000
1507,headphone_store,1,381.0000
1508,vehicle_driver,1,381.0000
1509,club_leader,1,381.0000
1510,cre_Students_Information_Systems,0,382.0000
1511,cre_Students_Information_Systems,1,382.0000
1512,real_estate_rentals,0,383.0000
1513,real_estate_rentals,0,384.0000
1514,cre_Doc_and_collections,0,385.0000
1515,book_1,1,385.0000
1516,warehouse_1,1,385.0000
1517,bbc_channels,1,385.0000
1518,advertising_agencies,1,385.0000
1519,e_commerce,1,385.0000
1520,advertising_agencies,1,385.0000
1521,warehouse_1,1,385.0000
1522,cre_Students_Information_Systems,1,385.0000
1523,aan_1,0,386.0000
1524,cre_Doc_and_collections,0,387.0000
1525,planet_1,1,387.0000
1526,book_1,1,387.0000
1527,advertising_agencies,1,387.0000
1528,boat_1,1,387.0000
1529,art_1,0,388.0000
1530,planet_1,1,388.0000
1531,aan_1,1,388.0000
1532,address_1,0,389.0000
1533,sing_contest,1,389.0000
1534,advertising_agencies,0,390.0000
1535,university_rank,1,390.0000
1536,club_leader,1,390.0000
1537,car_racing,1,390.0000
1538,club_leader,1,390.0000
1539,cre_Doc_Workflow,1,390.0000
1540,e_commerce,1,390.0000
1541,conference,1,390.0000
1542,book_1,1,390.0000
1543,aan_1,0,391.0000
1544,real_estate_rentals,0,392.0000
1545,video_game,1,392.0000
1546,headphone_store,1,392.0000
1547,cre_Doc_and_collections,1,392.0000
1548,district_spokesman,1,392.0000
1549,vehicle_rent,1,392.0000
1550,cre_Doc_and_collections,1,392.0000
1551,district_spokesman,1,392.0000
1552,warehouse_1,1,392.0000
1553,boat_1,1,392.0000
1554,art_1,0,393.0000
1555,planet_1,1,393.0000
1556,address_1,0,394.0000
1557,pilot_1,1,394.0000
1558,vehicle_rent,0,395.0000
1559,warehouse_1,1,395.0000
1560,vehicle_driver,0,396.0000
1561,tv_shows,1,396.0000
1562,restaurant_bills,1,396.0000
1563,advertising_agencies,1,396.0000
1564,aan_1,0,397.0000
1565,university_rank,1,397.0000
1566,online_exams,1,397.0000
1567,restaurant_bills,1,397.0000
1568,customers_and_orders,1,397.0000
1569,planet_1,1,397.0000
1570,book_1,1,397.0000
1571,region_building,1,397.0000
1572,district_spokesman,1,397.0000
1573,bakery_1,1,397.0000
1574,book_press,0,398.0000
1575,district_spokesman,1,398.0000
1576,cre_Doc_Workflow,1,398.0000
1577,headphone_store,0,399.0000
1578,warehouse_1,1,399.0000
1579,warehouse_1,1,399.0000
1580,movie_2,1,399.0000
1581,real_estate_rentals,0,400.0000
1582,bakery_1,1,400.0000
1583,book_1,1,400.0000
1584,restaurant_bills,1,400.0000
1585,online_exams,1,400.0000
1586,customers_and_orders,1,400.0000
1587,soccer_3,1,400.0000
1588,institution_sports,1,400.0000
1589,movie_2,1,400.0000
1590,planet_1,0,401.0000
1591,pilot_1,1,401.0000
1592,headphone_store,1,401.0000
1593,country_language,1,401.0000
1594,warehouse_1,1,401.0000
1595,real_estate_rentals,0,402.0000
1596,cre_Doc_and_collections,1,402.0000
1597,address_1,1,402.0000
1598,art_1,0,403.0000
1599,region_building,1,403.0000
1600,art_1,0,404.0000
1601,club_leader,1,404.0000
1602,address_1,1,404.0000
1603,tv_shows,1,404.0000
1604,aan_1,0,405.0000
1605,car_racing,1,405.0000
1606,movie_2,0,406.0000
1607,cre_Students_Information_Systems,1,406.0000
1608,book_1,1,406.0000
1609,planet_1,1,406.0000
1610,pilot_1,1,406.0000
1611,bakery_1,1,406.0000
1612,institution_sports,1,406.0000
1613,real_estate_rentals,0,407.0000
1614,book_1,1,407.0000
1615,e_commerce,1,407.0000
1616,vehicle_rent,1,407.0000
1617,country_language,1,407.0000
1618,conference,1,407.0000
1619,video_game,1,407.0000
1620,aan_1,0,408.0000
1621,aan_1,1,408.0000
1622,car_racing,1,408.0000
1623,planet_1,0,409.0000
1624,institution_sports,1,409.0000
1625,cre_Doc_and_collections,1,409.0000
1626,cre_Doc_Workflow,1,409.0000
1627,planet_1,1,409.0000
1628,cre_Doc_Workflow,1,409.0000
1629,advertising_agencies,1,409.0000
1630,video_game,1,409.0000
1631,book_1,1,409.0000
1632,art_1,1,409.0000
1633,advertising_agencies,1,409.0000
1634,vehicle_driver,1,409.0000
1635,book_review,1,409.0000
1636,movie_2,0,410.0000
1637,vehicle_driver,1,410.0000
1638,address_1,1,410.0000
1639,e_commerce,1,410.0000
1640,cre_Students_Information_Systems,0,411.0000
1641,headphone_store,1,411.0000
1642,movie_2,0,412.0000
1643,planet_1,1,412.0000
1644,customers_and_orders,1,412.0000
1645,vehicle_rent,1,412.0000
1646,video_game,1,412.0000
1647,vehicle_driver,1,412.0000
1648,address_1,1,412.0000
1649,book_1,1,412.0000
1650,book_1,1,412.0000
1651,cre_Students_Information_Systems,0,413.0000
1652,movie_2,1,413.0000
1653,aan_1,0,414.0000
1654,vehicle_driver,1,414.0000
1655,warehouse_1,0,415.0000
1656,restaurant_bills,1,415.0000
1657,warehouse_1,1,415.0000
1658,cre_Students_Information_Systems,1,415.0000
1659,art_1,0,416.0000
1660,aan_1,1,416.0000
1661,customers_and_orders,0,417.0000
1662,book_press,0,418.0000
1663,conference,1,418.0000
1664,e_commerce,1,418.0000
1665,advertising_agencies,0,419.0000
1666,car_road_race,1,419.0000
1667,university_rank,1,419.0000
1668,boat_1,1,419.0000
1669,bakery_1,1,419.0000
1670,boat_1,0,420.0000
1671,vehicle_driver,1,420.0000
1672,bakery_1,1,420.0000
1673,movie_2,0,421.0000
1674,government_shift,1,421.0000
1675,art_1,1,421.0000
1676,country_language,1,421.0000
1677,cre_Doc_and_collections,0,422.0000
1678,e_commerce,1,422.0000
1679,movie_2,0,423.0000
1680,bakery_1,0,424.0000
1681,car_racing,1,424.0000
1682,advertising_agencies,1,424.0000
1683,book_1,1,424.0000
1684,advertising_agencies,1,424.0000
1685,boat_1,1,424.0000
1686,government_shift,1,424.0000
1687,pilot_1,0,425.0000
1688,car_racing,1,425.0000
1689,art_1,0,426.0000
1690,book_1,1,426.0000
1691,address_1,1,426.0000
1692,vehicle_rent,0,427.0000
1693,district_spokesman,0,428.0000
1694,pilot_1,1,428.0000
1695,planet_1,1,428.0000
1696,warehouse_1,0,429.0000
1697,car_road_race,1,429.0000
1698,online_exams,1,429.0000
1699,art_1,1,429.0000
1700,bakery_1,0,430.0000
1701,customers_and_orders,1,430.0000
1702,institution_sports,0,431.0000
1703,conference,1,431.0000
1704,address_1,1,431.0000
1705,customers_and_orders,1,431.0000
1706,sing_contest,1,431.0000
1707,vehicle_rent,1,431.0000
1708,e_commerce,1,431.0000
1709,country_language,1,431.0000
1710,warehouse_1,0,432.0000
1711,advertising_agencies,1,432.0000
1712,warehouse_1,1,432.0000
1713,online_exams,1,432.0000
1714,book_press,1,432.0000
1715,bakery_1,0,433.0000
1716,e_commerce,1,433.0000
1717,warehouse_1,1,433.0000
1718,planet_1,1,433.0000
1719,art_1,0,434.0000
1720,art_1,1,434.0000
1721,video_game,1,434.0000
1722,cre_Students_Information_Systems,0,435.0000
1723,art_1,0,436.0000
1724,address_1,1,436.0000
1725,university_rank,1,436.0000
1726,government_shift,0,437.0000
1727,pilot_1,1,437.0000
1728,tv_shows,1,437.0000
1729,restaurant_bills,0,438.0000
1730,vehicle_rent,1,438.0000
1731,headphone_store,0,439.0000
1732,region_building,1,439.0000
1733,customers_and_orders,1,439.0000
1734,aan_1,0,440.0000
1735,vehicle_driver,1,440.0000
1736,bakery_1,0,441.0000
1737,customers_and_orders,0,442.0000
1738,cre_Doc_Workflow,1,442.0000
1739,cre_Students_Information_Systems,1,442.0000
1740,advertising_agencies,1,442.0000
1741,warehouse_1,1,442.0000
1742,warehouse_1,0,443.0000
1743,university_rank,1,443.0000
1744,cre_Doc_and_collections,1,443.0000
1745,region_building,1,443.0000
1746,cre_Students_Information_Systems,1,443.0000
1747,advertising_agencies,1,443.0000
1748,bakery_1,0,444.0000
1749,real_estate_rentals,1,444.0000
1750,real_estate_rentals,1,444.0000
1751,headphone_store,1,444.0000
1752,art_1,1,444.0000
1753,headphone_store,1,444.0000
1754,customers_and_orders,1,444.0000
1755,institution_sports,1,444.0000
1756,address_1,1,444.0000
1757,book_review,1,444.0000
1758,real_estate_rentals,1,444.0000
1759,address_1,0,445.0000
1760,aan_1,0,446.0000
1761,book_1,1,446.0000
1762,book_review,1,446.0000
1763,university_rank,1,446.0000
1764,bakery_1,0,447.0000
1765,pilot_1,1,447.0000
1766,vehicle_rent,1,447.0000
1767,car_road_race,1,447.0000
1768,pilot_1,1,447.0000
1769,cre_Doc_Workflow,1,447.0000
1770,boat_1,1,447.0000
1771,warehouse_1,1,447.0000
1772,cre_Students_Information_Systems,1,447.0000
1773,cre_Doc_Workflow,0,448.0000
1774,cre_Students_Information_Systems,1,448.0000
1775,online_exams,1,448.0000
1776,conference,1,448.0000
1777,headphone_store,1,448.0000
1778,planet_1,1,448.0000
1779,movie_2,0,449.0000
1780,government_shift,0,450.0000
1781,art_1,1,450.0000
1782,movie_2,1,450.0000
1783,aan_1,0,451.0000
1784,headphone_store,1,451.0000
1785,aan_1,0,452.0000
1786,government_shift,1,452.0000
1787,movie_2,0,453.0000
1788,real_estate_rentals,1,453.0000
1789,bakery_1,0,454.0000
1790,video_game,1,454.0000
1791,address_1,1,454.0000
1792,warehouse_1,0,455.0000
1793,headphone_store,0,456.0000
1794,book_1,1,456.0000
1795,cre_Students_Information_Systems,0,457.0000
1796,cre_Doc_and_collections,1,457.0000
1797,soccer_3,1,457.0000
1798,district_spokesman,1,457.0000
1799,soccer_3,1,457.0000
1800,conference,1,457.0000
1801,customers_and_orders,1,457.0000
1802,art_1,0,458.0000
1803,bakery_1,0,459.0000
1804,car_road_race,1,459.0000
1805,e_commerce,0,460.0000
1806,pilot_1,1,460.0000
1807,bakery_1,1,460.0000
1808,e_commerce,0,461.0000
1809,bakery_1,1,461.0000
1810,car_racing,0,462.0000
1811,country_language,1,462.0000
1812,aan_1,0,463.0000
1813,planet_1,0,464.0000
1814,cre_Doc_and_collections,1,464.0000
1815,art_1,0,465.0000
1816,boat_1,1,465.0000
1817,university_rank,1,465.0000
1818,warehouse_1,0,466.0000
1819,planet_1,1,466.0000
1820,warehouse_1,1,466.0000
1821,address_1,0,467.0000
1822,book_1,1,467.0000
1823,cre_Students_Information_Systems,0,468.0000
1824,planet_1,0,469.0000
1825,institution_sports,1,469.0000
1826,cre_Students_Information_Systems,1,469.0000
1827,club_leader,1,469.0000
1828,movie_2,1,469.0000
1829,pilot_1,0,470.0000
1830,aan_1,1,470.0000
1831,customers_and_orders,1,470.0000
1832,address_1,0,471.0000
1833,address_1,1,471.0000
1834,car_road_race,1,471.0000
1835,bakery_1,1,471.0000
1836,art_1,1,471.0000
1837,online_exams,0,472.0000
1838,customers_and_orders,0,473.0000
1839,planet_1,1,473.0000
1840,cre_Doc_Workflow,1,473.0000
1841,art_1,0,474.0000
1842,planet_1,1,474.0000
1843,institution_sports,1,474.0000
1844,vehicle_driver,1,474.0000
1845,movie_2,1,474.0000
1846,customers_and_orders,1,474.0000
1847,aan_1,0,475.0000
1848,movie_2,0,476.0000
1849,art_1,1,476.0000
1850,sing_contest,0,477.0000
1851,e_commerce,1,477.0000
1852,cre_Doc_and_collections,1,477.0000
1853,pilot_1,0,478.0000
1854,bakery_1,1,478.0000
1855,art_1,0,479.0000
1856,warehouse_1,1,479.0000
1857,advertising_agencies,1,479.0000
1858,pilot_1,0,480.0000
1859,book_1,1,480.0000
1860,e_commerce,1,480.0000
1861,conference,1,480.0000
1862,cre_Students_Information_Systems,1,480.0000
1863,boat_1,1,480.0000
1864,advertising_agencies,1,480.0000
1865,cre_Students_Information_Systems,0,481.0000
1866,university_rank,1,481.0000
1867,warehouse_1,0,482.0000
1868,art_1,1,482.0000
1869,address_1,0,483.0000
1870,address_1,1,483.0000
1871,book_1,1,483.0000
1872,book_review,1,483.0000
1873,institution_sports,1,483.0000
1874,advertising_agencies,1,483.0000
1875,bakery_1,1,483.0000
1876,book_review,1,483.0000
1877,address_1,0,484.0000
1878,government_shift,1,484.0000
1879,planet_1,1,484.0000
1880,bakery_1,1,484.0000
1881,book_press,0,485.0000
1882,planet_1,1,485.0000
1883,art_1,0,486.0000
1884,pilot_1,1,486.0000
1885,car_road_race,1,486.0000
1886,boat_1,0,487.0000
1887,real_estate_rentals,0,488.0000
1888,car_road_race,1,488.0000
1889,vehicle_driver,1,488.0000
1890,planet_1,1,488.0000
1891,book_1,1,488.0000
1892,university_rank,1,488.0000
1893,bbc_channels,1,488.0000
1894,headphone_store,1,488.0000
1895,real_estate_rentals,0,489.0000
1896,government_shift,1,489.0000
1897,vehicle_driver,0,490.0000
1898,cre_Students_Information_Systems,1,490.0000
1899,cre_Doc_Workflow,1,490.0000
1900,address_1,0,491.0000
1901,art_1,1,491.0000
1902,vehicle_rent,1,491.0000
1903,institution_sports,1,491.0000
1904,bakery_1,1,491.0000
1905,planet_1,1,491.0000
1906,tv_shows,1,491.0000
1907,boat_1,1,491.0000
1908,customers_and_orders,1,491.0000
1909,conference,1,491.0000
1910,art_1,1,491.0000
1911,soccer_3,1,491.0000
1912,vehicle_rent,1,491.0000
1913,warehouse_1,0,492.0000
1914,aan_1,0,493.0000
1915,book_1,1,493.0000
1916,address_1,1,493.0000
1917,car_road_race,1,493.0000
1918,planet_1,0,494.0000
1919,warehouse_1,1,494.0000
1920,headphone_store,0,495.0000
1921,soccer_3,1,495.0000
1922,car_road_race,1,495.0000
1923,planet_1,0,496.0000
1924,cre_Doc_and_collections,0,497.0000
1925,bakery_1,0,498.0000
1926,bakery_1,0,499.0000
1927,district_spokesman,1,499.0000
1928,advertising_agencies,1,499.0000
1929,address_1,1,499.0000
1930,e_commerce,1,499.0000
1931,boat_1,1,499.0000
1932,region_building,1,499.0000
1933,cre_Students_Information_Systems,1,499.0000
1934,district_spokesman,0,500.0000
1935,country_language,1,500.0000
1936,pilot_1,1,500.0000
1937,art_1,1,500.0000
1938,cre_Students_Information_Systems,1,500.0000
1939,aan_1,1,500.0000
1940,art_1,1,500.0000
1941,vehicle_rent,0,501.0000
1942,art_1,0,502.0000
1943,conference,1,502.0000
1944,region_building,1,502.0000
1945,customers_and_orders,1,502.0000
1946,aan_1,1,502.0000
1947,art_1,0,503.0000
1948,video_game,1,503.0000
1949,car_racing,1,503.0000
1950,bakery_1,0,504.0000
1951,pilot_1,1,504.0000
1952,art_1,1,504.0000
1953,boat_1,1,504.0000
1954,sing_contest,1,504.0000
1955,government_shift,1,504.0000
1956,planet_1,0,505.0000
1957,art_1,0,506.0000
1958,bakery_1,0,507.0000
1959,real_estate_rentals,1,507.0000
1960,video_game,1,507.0000
1961,conference,1,507.0000
1962,customers_and_orders,1,507.0000
1963,aan_1,1,507.0000
1964,aan_1,0,508.0000
1965,address_1,1,508.0000
1966,video_game,1,508.0000
1967,video_game,1,508.0000
1968,bakery_1,0,509.0000
1969,vehicle_driver,1,509.0000
1970,government_shift,1,509.0000
1971,art_1,1,509.0000
1972,online_exams,1,509.0000
1973,car_racing,1,509.0000
1974,warehouse_1,0,510.0000
1975,pilot_1,1,510.0000
1976,cre_Students_Information_Systems,1,510.0000
1977,aan_1,0,511.0000
1978,cre_Doc_and_collections,1,511.0000
1979,book_1,1,511.0000
1980,district_spokesman,1,511.0000
1981,boat_1,1,511.0000
1982,online_exams,1,511.0000
1983,region_building,0,512.0000
1984,cre_Students_Information_Systems,1,512.0000
1985,art_1,1,512.0000
1986,e_commerce,0,513.0000
1987,car_racing,0,514.0000
1988,bakery_1,1,514.0000
1989,government_shift,1,514.0000
1990,art_1,1,514.0000
1991,bakery_1,1,514.0000
1992,car_racing,1,514.0000
1993,advertising_agencies,1,514.0000
1994,vehicle_rent,1,514.0000
1995,address_1,1,514.0000
1996,cre_Doc_Workflow,1,514.0000
1997,aan_1,1,514.0000
1998,aan_1,0,515.0000
1999,pilot_1,1,515.0000
2000,book_1,1,515.0000
2001,bakery_1,1,515.0000
2002,cre_Students_Information_Systems,0,516.0000
2003,region_building,1,516.0000
2004,e_commerce,1,516.0000
2005,boat_1,1,516.0000
2006,cre_Doc_Workflow,0,517.0000
2007,aan_1,1,517.0000
2008,country_language,1,517.0000
2009,planet_1,0,518.0000
2010,address_1,1,518.0000
2011,address_1,1,518.0000
2012,real_estate_rentals,1,518.0000
2013,real_estate_rentals,1,518.0000
2014,book_1,1,518.0000
2015,soccer_3,1,518.0000
2016,real_estate_rentals,0,519.0000
2017,government_shift,1,519.0000
2018,cre_Doc_and_collections,1,519.0000
2019,bike_racing,1,519.0000
2020,cre_Students_Information_Systems,1,519.0000
2021,planet_1,1,519.0000
2022,institution_sports,1,519.0000
2023,restaurant_bills,1,519.0000
2024,art_1,1,519.0000
2025,country_language,0,520.0000
2026,restaurant_bills,1,520.0000
2027,planet_1,0,521.0000
2028,vehicle_rent,1,521.0000
2029,cre_Students_Information_Systems,1,521.0000
2030,e_commerce,1,521.0000
2031,cre_Doc_Workflow,1,521.0000
2032,address_1,1,521.0000
2033,vehicle_rent,1,521.0000
2034,country_language,0,522.0000
2035,customers_and_orders,1,522.0000
2036,boat_1,1,522.0000
2037,cre_Students_Information_Systems,1,522.0000
2038,conference,1,522.0000
2039,car_racing,1,522.0000
2040,country_language,1,522.0000
2041,bakery_1,1,522.0000
2042,art_1,0,523.0000
2043,cre_Doc_and_collections,1,523.0000
2044,e_commerce,1,523.0000
2045,pilot_1,1,523.0000
2046,boat_1,1,523.0000
2047,real_estate_rentals,1,523.0000
2048,advertising_agencies,0,524.0000
2049,book_1,1,524.0000
2050,real_estate_rentals,1,524.0000
2051,e_commerce,0,525.0000
2052,country_language,1,525.0000
2053,advertising_agencies,1,525.0000
2054,aan_1,1,525.0000
2055,region_building,1,525.0000
2056,headphone_store,0,526.0000
2057,book_1,1,526.0000
2058,cre_Doc_and_collections,1,526.0000
2059,bakery_1,1,526.0000
2060,soccer_3,1,526.0000
2061,car_racing,1,526.0000
2062,cre_Students_Information_Systems,0,527.0000
2063,car_road_race,1,527.0000
2064,boat_1,1,527.0000
2065,real_estate_rentals,1,527.0000
2066,car_road_race,1,527.0000
2067,country_language,1,527.0000
2068,bakery_1,1,527.0000
2069,car_road_race,1,527.0000
2070,district_spokesman,0,528.0000
2071,boat_1,1,528.0000
2072,customers_and_orders,1,528.0000
2073,car_racing,1,528.0000
2074,warehouse_1,0,529.0000
2075,movie_2,1,529.0000
2076,cre_Doc_Workflow,1,529.0000
2077,e_commerce,1,529.0000
2078,bakery_1,1,529.0000
2079,cre_Doc_and_collections,0,530.0000
2080,car_racing,1,530.0000
2081,art_1,0,531.0000
2082,aan_1,1,531.0000
2083,book_press,0,532.0000
2084,bakery_1,0,533.0000
2085,bakery_1,1,533.0000
2086,customers_and_orders,0,534.0000
2087,customers_and_orders,1,534.0000
2088,region_building,1,534.0000
2089,book_press,1,534.0000
2090,art_1,1,534.0000
2091,e_commerce,1,534.0000
2092,e_commerce,1,534.0000
2093,vehicle_rent,1,534.0000
2094,cre_Doc_and_collections,1,534.0000
2095,institution_sports,1,534.0000
2096,book_1,1,534.0000
2097,cre_Doc_and_collections,1,534.0000
2098,cre_Doc_and_collections,0,535.0000
2099,bakery_1,1,535.0000
2100,e_commerce,0,536.0000
2101,institution_sports,1,536.0000
2102,vehicle_driver,1,536.0000
2103,bakery_1,0,537.0000
2104,cre_Students_Information_Systems,1,537.0000
2105,restaurant_bills,1,537.0000
2106,customers_and_orders,1,537.0000
2107,book_press,0,538.0000
2108,book_1,1,538.0000
2109,conference,1,538.0000
2110,conference,1,538.0000
2111,movie_2,1,538.0000
2112,book_1,1,538.0000
2113,video_game,1,538.0000
2114,art_1,1,538.0000
2115,aan_1,1,538.0000
2116,bakery_1,1,538.0000
2117,address_1,1,538.0000
2118,pilot_1,0,539.0000
2119,warehouse_1,1,539.0000
2120,aan_1,1,539.0000
2121,book_1,1,539.0000
2122,sing_contest,0,540.0000
2123,aan_1,1,540.0000
2124,art_1,1,540.0000
2125,advertising_agencies,1,540.0000
2126,customers_and_orders,1,540.0000
2127,customers_and_orders,0,541.0000
2128,book_press,1,541.0000
2129,region_building,1,541.0000
2130,vehicle_driver,1,541.0000
2131,advertising_agencies,1,541.0000
2132,cre_Doc_and_collections,1,541.0000
2133,e_commerce,0,542.0000
2134,customers_and_orders,1,542.0000
2135,cre_Doc_and_collections,1,542.0000
2136,planet_1,1,542.0000
2137,pilot_1,1,542.0000
2138,sing_contest,1,542.0000
2139,boat_1,1,542.0000
2140,vehicle_rent,0,543.0000
2141,cre_Students_Information_Systems,1,543.0000
2142,bakery_1,0,544.0000
2143,cre_Doc_and_collections,1,544.0000
2144,bakery_1,1,544.0000
2145,car_racing,1,544.0000
2146,institution_sports,1,544.0000
