step,db_id,n_icl,correct,cumulative_regret,mem_size
0,warehouse_1,0,0,1.0000,0
1,book_1,0,1,1.0000,1
2,vehicle_driver,1,1,1.0000,2
3,vehicle_rent,2,1,1.0000,3
4,book_review,3,0,2.0000,3
5,e_commerce,3,0,3.0000,3
6,book_review,3,1,3.0000,4
7,book_1,3,1,3.0000,5
8,cre_Doc_Workflow,3,1,3.0000,6
9,art_1,3,0,4.0000,6
10,soccer_3,3,1,4.0000,7
11,book_review,3,0,5.0000,7
12,book_press,3,1,5.0000,8
13,movie_2,3,1,5.0000,9
14,book_review,3,1,5.0000,10
15,real_estate_rentals,3,0,6.0000,10
16,advertising_agencies,3,1,6.0000,11
17,university_rank,3,1,6.0000,12
18,pilot_1,3,0,7.0000,12
19,address_1,3,1,7.0000,13
20,pilot_1,3,1,7.0000,14
21,video_game,3,1,7.0000,15
22,cre_Doc_and_collections,3,1,7.0000,16
23,art_1,3,1,7.0000,17
24,movie_2,3,1,7.0000,18
25,pilot_1,3,0,8.0000,18
26,soccer_3,3,1,8.0000,19
27,boat_1,3,1,8.0000,20
28,vehicle_driver,3,1,8.0000,21
29,pilot_1,3,1,8.0000,22
30,warehouse_1,3,1,8.0000,23
31,cre_Doc_and_collections,3,0,9.0000,23
32,cre_Doc_Workflow,3,1,9.0000,24
33,university_rank,3,1,9.0000,25
34,customers_and_orders,3,1,9.0000,26
35,institution_sports,3,1,9.0000,27
36,warehouse_1,3,1,9.0000,28
37,car_racing,3,1,9.0000,29
38,planet_1,3,1,9.0000,30
39,country_language,3,1,9.0000,31
40,art_1,3,0,10.0000,31
41,government_shift,3,0,11.0000,31
42,online_exams,3,1,11.0000,32
43,region_building,3,1,11.0000,33
44,pilot_1,3,0,12.0000,33
45,restaurant_bills,3,1,12.0000,34
46,planet_1,3,0,13.0000,34
47,art_1,3,1,13.0000,35
48,advertising_agencies,3,1,13.0000,36
49,sing_contest,3,1,13.0000,37
50,university_rank,3,1,13.0000,38
51,boat_1,3,0,14.0000,38
52,e_commerce,3,1,14.0000,39
53,book_review,3,1,14.0000,40
54,vehicle_rent,3,1,14.0000,41
55,book_review,3,1,14.0000,42
56,planet_1,3,1,14.0000,43
57,cre_Doc_and_collections,3,1,14.0000,44
58,advertising_agencies,3,1,14.0000,45
59,movie_2,3,1,14.0000,46
60,car_road_race,3,1,14.0000,47
61,bakery_1,3,1,14.0000,48
62,aan_1,3,1,14.0000,49
63,car_racing,3,1,14.0000,50
64,movie_2,3,0,15.0000,50
65,cre_Students_Information_Systems,3,0,16.0000,50
66,art_1,3,1,16.0000,51
67,conference,3,1,16.0000,52
68,country_language,3,1,16.0000,53
69,customers_and_orders,3,1,16.0000,54
70,bakery_1,3,0,17.0000,54
71,car_road_race,3,1,17.0000,55
72,cre_Doc_and_collections,3,0,18.0000,55
73,cre_Doc_and_collections,3,0,19.0000,55
74,restaurant_bills,3,0,20.0000,55
75,boat_1,3,1,20.0000,56
76,bakery_1,3,1,20.0000,57
77,government_shift,3,0,21.0000,57
78,book_review,3,1,21.0000,58
79,country_language,3,1,21.0000,59
80,bakery_1,3,0,22.0000,59
81,movie_2,3,0,23.0000,59
82,art_1,3,1,23.0000,60
83,advertising_agencies,3,1,23.0000,61
84,advertising_agencies,3,0,24.0000,61
85,car_racing,3,1,24.0000,62
86,vehicle_rent,3,1,24.0000,63
87,advertising_agencies,3,1,24.0000,64
88,cre_Doc_and_collections,3,1,24.0000,65
89,boat_1,3,1,24.0000,66
90,soccer_3,3,1,24.0000,67
91,country_language,3,1,24.0000,68
92,cre_Doc_and_collections,3,0,25.0000,68
93,e_commerce,3,1,25.0000,69
94,car_racing,3,1,25.0000,70
95,real_estate_rentals,3,0,26.0000,70
96,customers_and_orders,3,1,26.0000,71
97,book_review,3,1,26.0000,72
98,book_press,3,1,26.0000,73
99,planet_1,3,1,26.0000,74
100,e_commerce,3,1,26.0000,75
101,e_commerce,3,1,26.0000,76
102,boat_1,3,1,26.0000,77
103,cre_Students_Information_Systems,3,0,27.0000,77
104,club_leader,3,1,27.0000,78
105,aan_1,3,0,28.0000,78
106,boat_1,3,1,28.0000,79
107,customers_and_orders,3,1,28.0000,80
108,art_1,3,1,28.0000,81
109,advertising_agencies,3,1,28.0000,82
110,address_1,3,1,28.0000,83
111,art_1,3,1,28.0000,84
112,country_language,3,1,28.0000,85
113,car_racing,3,1,28.0000,86
114,soccer_3,3,1,28.0000,87
115,customers_and_orders,3,1,28.0000,88
116,online_exams,3,1,28.0000,89
117,cre_Doc_and_collections,3,1,28.0000,90
118,book_press,3,1,28.0000,91
119,book_press,3,1,28.0000,92
120,car_racing,3,1,28.0000,93
121,warehouse_1,3,0,29.0000,93
122,art_1,3,1,29.0000,94
123,boat_1,3,1,29.0000,95
124,aan_1,3,1,29.0000,96
125,e_commerce,3,0,30.0000,96
126,car_racing,3,1,30.0000,97
127,warehouse_1,3,1,30.0000,98
128,planet_1,3,1,30.0000,99
129,country_language,3,1,30.0000,100
130,vehicle_driver,3,1,30.0000,101
131,real_estate_rentals,3,1,30.0000,102
132,real_estate_rentals,3,0,31.0000,102
133,cre_Students_Information_Systems,3,1,31.0000,103
134,real_estate_rentals,3,0,32.0000,103
135,tv_shows,3,1,32.0000,104
136,warehouse_1,3,1,32.0000,105
137,warehouse_1,3,1,32.0000,106
138,bakery_1,3,0,33.0000,106
139,book_1,3,1,33.0000,107
140,cre_Students_Information_Systems,3,1,33.0000,108
141,aan_1,3,1,33.0000,109
142,restaurant_bills,3,1,33.0000,110
143,video_game,3,1,33.0000,111
144,bakery_1,3,1,33.0000,112
145,aan_1,3,1,33.0000,113
146,art_1,3,1,33.0000,114
147,movie_2,3,0,34.0000,114
148,cre_Students_Information_Systems,3,1,34.0000,115
149,institution_sports,3,1,34.0000,116
150,e_commerce,3,0,35.0000,116
151,headphone_store,3,1,35.0000,117
152,book_1,3,1,35.0000,118
153,pilot_1,3,0,36.0000,118
154,art_1,3,0,37.0000,118
155,bakery_1,3,1,37.0000,119
156,conference,3,1,37.0000,120
157,customers_and_orders,3,1,37.0000,121
158,book_review,3,1,37.0000,122
159,warehouse_1,3,1,37.0000,123
160,pilot_1,3,1,37.0000,124
161,bakery_1,3,0,38.0000,124
162,cre_Doc_Workflow,3,1,38.0000,125
163,cre_Doc_and_collections,3,1,38.0000,126
164,bbc_channels,3,0,39.0000,126
165,institution_sports,3,1,39.0000,127
166,online_exams,3,1,39.0000,128
167,real_estate_rentals,3,0,40.0000,128
168,region_building,3,1,40.0000,129
169,region_building,3,1,40.0000,130
170,real_estate_rentals,3,0,41.0000,130
171,cre_Students_Information_Systems,3,1,41.0000,131
172,book_press,3,1,41.0000,132
173,cre_Doc_Workflow,3,1,41.0000,133
174,book_press,3,0,42.0000,133
175,boat_1,3,0,43.0000,133
176,university_rank,3,0,44.0000,133
177,club_leader,3,1,44.0000,134
178,boat_1,3,1,44.0000,135
179,region_building,3,1,44.0000,136
180,book_press,3,0,45.0000,136
181,real_estate_rentals,3,1,45.0000,137
182,boat_1,3,1,45.0000,138
183,movie_2,3,1,45.0000,139
184,institution_sports,3,0,46.0000,139
185,aan_1,3,0,47.0000,139
186,bakery_1,3,1,47.0000,140
187,conference,3,1,47.0000,141
188,customers_and_orders,3,1,47.0000,142
189,book_1,3,1,47.0000,143
190,country_language,3,1,47.0000,144
191,pilot_1,3,1,47.0000,145
192,car_road_race,3,1,47.0000,146
193,book_1,3,1,47.0000,147
194,real_estate_rentals,3,1,47.0000,148
195,movie_2,3,1,47.0000,149
196,book_press,3,1,47.0000,150
197,warehouse_1,3,1,47.0000,151
198,warehouse_1,3,0,48.0000,151
199,bbc_channels,3,1,48.0000,152
200,cre_Doc_and_collections,3,0,49.0000,152
201,book_1,3,1,49.0000,153
202,car_racing,3,1,49.0000,154
203,restaurant_bills,3,1,49.0000,155
204,book_review,3,1,49.0000,156
205,boat_1,3,0,50.0000,156
206,customers_and_orders,3,1,50.0000,157
207,warehouse_1,3,1,50.0000,158
208,bakery_1,3,1,50.0000,159
209,e_commerce,3,0,51.0000,159
210,pilot_1,3,1,51.0000,160
211,car_road_race,3,1,51.0000,161
212,art_1,3,1,51.0000,162
213,address_1,3,0,52.0000,162
214,aan_1,3,0,53.0000,162
215,art_1,3,1,53.0000,163
216,real_estate_rentals,3,1,53.0000,164
217,address_1,3,1,53.0000,165
218,advertising_agencies,3,1,53.0000,166
219,cre_Doc_and_collections,3,0,54.0000,166
220,vehicle_driver,3,1,54.0000,167
221,art_1,3,0,55.0000,167
222,cre_Doc_and_collections,3,1,55.0000,168
223,customers_and_orders,3,1,55.0000,169
224,institution_sports,3,1,55.0000,170
225,art_1,3,1,55.0000,171
226,pilot_1,3,1,55.0000,172
227,bakery_1,3,1,55.0000,173
228,boat_1,3,0,56.0000,173
229,sing_contest,3,1,56.0000,174
230,aan_1,3,0,57.0000,174
231,cre_Doc_and_collections,3,0,58.0000,174
232,e_commerce,3,0,59.0000,174
233,planet_1,3,1,59.0000,175
234,advertising_agencies,3,1,59.0000,176
235,bike_racing,3,1,59.0000,177
236,cre_Students_Information_Systems,3,1,59.0000,178
237,bakery_1,3,1,59.0000,179
238,video_game,3,1,59.0000,180
239,pilot_1,3,0,60.0000,180
240,movie_2,3,1,60.0000,181
241,bike_racing,3,0,61.0000,181
242,country_language,3,1,61.0000,182
243,soccer_3,3,1,61.0000,183
244,customers_and_orders,3,1,61.0000,184
245,club_leader,3,0,62.0000,184
246,bakery_1,3,1,62.0000,185
247,art_1,3,1,62.0000,186
248,aan_1,3,0,63.0000,186
249,bike_racing,3,1,63.0000,187
250,advertising_agencies,3,1,63.0000,188
251,art_1,3,1,63.0000,189
252,book_1,3,0,64.0000,189
253,address_1,3,1,64.0000,190
254,boat_1,3,0,65.0000,190
255,car_road_race,3,1,65.0000,191
256,pilot_1,3,1,65.0000,192
257,district_spokesman,3,1,65.0000,193
258,boat_1,3,1,65.0000,194
259,soccer_3,3,1,65.0000,195
260,car_road_race,3,1,65.0000,196
261,real_estate_rentals,3,1,65.0000,197
262,cre_Doc_and_collections,3,0,66.0000,197
263,book_1,3,1,66.0000,198
264,planet_1,3,1,66.0000,199
265,pilot_1,3,1,66.0000,200
266,headphone_store,3,1,66.0000,201
267,car_racing,3,1,66.0000,202
268,car_road_race,3,1,66.0000,203
269,pilot_1,3,1,66.0000,204
270,bakery_1,3,1,66.0000,205
271,art_1,3,1,66.0000,206
272,pilot_1,3,0,67.0000,206
273,address_1,3,1,67.0000,207
274,warehouse_1,3,0,68.0000,207
275,headphone_store,3,1,68.0000,208
276,boat_1,3,1,68.0000,209
277,vehicle_rent,3,1,68.0000,210
278,government_shift,3,0,69.0000,210
279,aan_1,3,1,69.0000,211
280,university_rank,3,0,70.0000,211
281,planet_1,3,1,70.0000,212
282,video_game,3,1,70.0000,213
283,aan_1,3,1,70.0000,214
284,customers_and_orders,3,1,70.0000,215
285,institution_sports,3,1,70.0000,216
286,conference,3,1,70.0000,217
287,advertising_agencies,3,1,70.0000,218
288,bakery_1,3,0,71.0000,218
289,boat_1,3,1,71.0000,219
290,bike_racing,3,1,71.0000,220
291,e_commerce,3,1,71.0000,221
292,book_review,3,1,71.0000,222
293,planet_1,3,0,72.0000,222
294,cre_Doc_and_collections,3,1,72.0000,223
295,video_game,3,1,72.0000,224
296,vehicle_driver,3,1,72.0000,225
297,warehouse_1,3,0,73.0000,225
298,soccer_3,3,1,73.0000,226
299,cre_Doc_and_collections,3,1,73.0000,227
300,bakery_1,3,1,73.0000,228
301,region_building,3,1,73.0000,229
302,planet_1,3,0,74.0000,229
303,institution_sports,3,1,74.0000,230
304,e_commerce,3,1,74.0000,231
305,movie_2,3,1,74.0000,232
306,real_estate_rentals,3,1,74.0000,233
307,advertising_agencies,3,1,74.0000,234
308,boat_1,3,1,74.0000,235
309,institution_sports,3,0,75.0000,235
310,address_1,3,1,75.0000,236
311,advertising_agencies,3,1,75.0000,237
312,institution_sports,3,1,75.0000,238
313,warehouse_1,3,0,76.0000,238
314,customers_and_orders,3,1,76.0000,239
315,art_1,3,1,76.0000,240
316,pilot_1,3,1,76.0000,241
317,restaurant_bills,3,1,76.0000,242
318,tv_shows,3,1,76.0000,243
319,aan_1,3,0,77.0000,243
320,boat_1,3,0,78.0000,243
321,book_1,3,1,78.0000,244
322,art_1,3,0,79.0000,244
323,university_rank,3,1,79.0000,245
324,cre_Doc_and_collections,3,1,79.0000,246
325,video_game,3,1,79.0000,247
326,address_1,3,0,80.0000,247
327,video_game,3,1,80.0000,248
328,vehicle_driver,3,1,80.0000,249
329,aan_1,3,0,81.0000,249
330,movie_2,3,0,82.0000,249
331,boat_1,3,1,82.0000,250
332,car_road_race,3,0,83.0000,250
333,advertising_agencies,3,1,83.0000,251
334,e_commerce,3,1,83.0000,252
335,country_language,3,1,83.0000,253
336,bike_racing,3,1,83.0000,254
337,cre_Students_Information_Systems,3,1,83.0000,255
338,art_1,3,1,83.0000,256
339,movie_2,3,1,83.0000,257
340,bakery_1,3,0,84.0000,257
341,planet_1,3,0,85.0000,257
342,soccer_3,3,1,85.0000,258
343,government_shift,3,1,85.0000,259
344,cre_Students_Information_Systems,3,0,86.0000,259
345,cre_Doc_Workflow,3,1,86.0000,260
346,e_commerce,3,1,86.0000,261
347,cre_Doc_and_collections,3,1,86.0000,262
348,aan_1,3,0,87.0000,262
349,bakery_1,3,1,87.0000,263
350,cre_Doc_Workflow,3,1,87.0000,264
351,e_commerce,3,1,87.0000,265
352,customers_and_orders,3,1,87.0000,266
353,online_exams,3,1,87.0000,267
354,warehouse_1,3,1,87.0000,268
355,pilot_1,3,1,87.0000,269
356,soccer_3,3,1,87.0000,270
357,video_game,3,1,87.0000,271
358,movie_2,3,1,87.0000,272
359,e_commerce,3,1,87.0000,273
360,real_estate_rentals,3,0,88.0000,273
361,country_language,3,0,89.0000,273
362,cre_Students_Information_Systems,3,1,89.0000,274
363,bakery_1,3,0,90.0000,274
364,tv_shows,3,1,90.0000,275
365,car_racing,3,1,90.0000,276
366,planet_1,3,0,91.0000,276
367,tv_shows,3,1,91.0000,277
368,vehicle_driver,3,1,91.0000,278
369,customers_and_orders,3,1,91.0000,279
370,warehouse_1,3,1,91.0000,280
371,address_1,3,0,92.0000,280
372,customers_and_orders,3,1,92.0000,281
373,art_1,3,1,92.0000,282
374,aan_1,3,0,93.0000,282
375,planet_1,3,1,93.0000,283
376,address_1,3,1,93.0000,284
377,pilot_1,3,1,93.0000,285
378,advertising_agencies,3,1,93.0000,286
379,book_1,3,1,93.0000,287
380,institution_sports,3,1,93.0000,288
381,real_estate_rentals,3,1,93.0000,289
382,advertising_agencies,3,1,93.0000,290
383,advertising_agencies,3,0,94.0000,290
384,club_leader,3,0,95.0000,290
385,movie_2,3,1,95.0000,291
386,sing_contest,3,1,95.0000,292
387,aan_1,3,1,95.0000,293
388,aan_1,3,1,95.0000,294
389,address_1,3,0,96.0000,294
390,address_1,3,1,96.0000,295
391,address_1,3,1,96.0000,296
392,video_game,3,1,96.0000,297
393,online_exams,3,1,96.0000,298
394,real_estate_rentals,3,1,96.0000,299
395,government_shift,3,1,96.0000,300
396,boat_1,3,1,96.0000,301
397,bakery_1,3,0,97.0000,301
398,headphone_store,3,0,98.0000,301
399,customers_and_orders,3,1,98.0000,302
400,aan_1,3,0,99.0000,302
401,bbc_channels,3,0,100.0000,302
402,boat_1,3,0,101.0000,302
403,bakery_1,3,1,101.0000,303
404,planet_1,3,1,101.0000,304
405,aan_1,3,1,101.0000,305
406,e_commerce,3,1,101.0000,306
407,cre_Students_Information_Systems,3,1,101.0000,307
408,cre_Doc_and_collections,3,0,102.0000,307
409,real_estate_rentals,3,0,103.0000,307
410,conference,3,1,103.0000,308
411,conference,3,1,103.0000,309
412,pilot_1,3,1,103.0000,310
413,government_shift,3,1,103.0000,311
414,advertising_agencies,3,1,103.0000,312
415,bakery_1,3,0,104.0000,312
416,cre_Doc_Workflow,3,1,104.0000,313
417,e_commerce,3,1,104.0000,314
418,advertising_agencies,3,1,104.0000,315
419,aan_1,3,1,104.0000,316
420,planet_1,3,1,104.0000,317
421,customers_and_orders,3,1,104.0000,318
422,online_exams,3,1,104.0000,319
423,planet_1,3,1,104.0000,320
424,car_racing,3,1,104.0000,321
425,institution_sports,3,1,104.0000,322
426,advertising_agencies,3,1,104.0000,323
427,institution_sports,3,1,104.0000,324
428,conference,3,1,104.0000,325
429,government_shift,3,1,104.0000,326
430,country_language,3,1,104.0000,327
431,bakery_1,3,1,104.0000,328
432,cre_Doc_and_collections,3,1,104.0000,329
433,advertising_agencies,3,1,104.0000,330
434,pilot_1,3,0,105.0000,330
435,car_road_race,3,0,106.0000,330
436,bakery_1,3,1,106.0000,331
437,pilot_1,3,1,106.0000,332
438,address_1,3,1,106.0000,333
439,customers_and_orders,3,1,106.0000,334
440,headphone_store,3,1,106.0000,335
441,district_spokesman,3,1,106.0000,336
442,sing_contest,3,1,106.0000,337
443,cre_Doc_and_collections,3,1,106.0000,338
444,institution_sports,3,1,106.0000,339
445,warehouse_1,3,1,106.0000,340
446,headphone_store,3,1,106.0000,341
447,movie_2,3,0,107.0000,341
448,movie_2,3,1,107.0000,342
449,book_press,3,1,107.0000,343
450,pilot_1,3,1,107.0000,344
451,university_rank,3,1,107.0000,345
452,customers_and_orders,3,1,107.0000,346
453,art_1,3,0,108.0000,346
454,car_road_race,3,1,108.0000,347
455,real_estate_rentals,3,0,109.0000,347
456,car_racing,3,1,109.0000,348
457,region_building,3,1,109.0000,349
458,aan_1,3,0,110.0000,349
459,vehicle_driver,3,1,110.0000,350
460,book_1,3,0,111.0000,350
461,cre_Doc_and_collections,3,0,112.0000,350
462,cre_Doc_and_collections,3,1,112.0000,351
463,boat_1,3,0,113.0000,351
464,boat_1,3,1,113.0000,352
465,online_exams,3,1,113.0000,353
466,headphone_store,3,1,113.0000,354
467,bike_racing,3,1,113.0000,355
468,customers_and_orders,3,1,113.0000,356
469,boat_1,3,1,113.0000,357
470,vehicle_rent,3,1,113.0000,358
471,advertising_agencies,3,1,113.0000,359
472,car_road_race,3,1,113.0000,360
473,art_1,3,1,113.0000,361
474,planet_1,3,0,114.0000,361
475,online_exams,3,1,114.0000,362
476,video_game,3,1,114.0000,363
477,customers_and_orders,3,1,114.0000,364
478,e_commerce,3,1,114.0000,365
479,soccer_3,3,1,114.0000,366
480,pilot_1,3,1,114.0000,367
481,art_1,3,0,115.0000,367
482,vehicle_rent,3,1,115.0000,368
483,art_1,3,0,116.0000,368
484,aan_1,3,1,116.0000,369
485,headphone_store,3,0,117.0000,369
486,online_exams,3,0,118.0000,369
487,club_leader,3,0,119.0000,369
488,art_1,3,1,119.0000,370
489,advertising_agencies,3,1,119.0000,371
490,car_road_race,3,1,119.0000,372
491,car_racing,3,1,119.0000,373
492,car_road_race,3,1,119.0000,374
493,car_racing,3,1,119.0000,375
494,book_press,3,1,119.0000,376
495,car_racing,3,1,119.0000,377
496,customers_and_orders,3,1,119.0000,378
497,real_estate_rentals,3,0,120.0000,378
498,planet_1,3,1,120.0000,379
499,advertising_agencies,3,1,120.0000,380
500,planet_1,3,1,120.0000,381
501,region_building,3,1,120.0000,382
502,planet_1,3,1,120.0000,383
503,advertising_agencies,3,1,120.0000,384
504,region_building,3,1,120.0000,385
505,planet_1,3,1,120.0000,386
506,warehouse_1,3,1,120.0000,387
507,pilot_1,3,1,120.0000,388
508,region_building,3,1,120.0000,389
509,book_1,3,1,120.0000,390
510,cre_Students_Information_Systems,3,0,121.0000,390
511,pilot_1,3,1,121.0000,391
512,car_road_race,3,1,121.0000,392
513,warehouse_1,3,1,121.0000,393
514,movie_2,3,1,121.0000,394
515,movie_2,3,1,121.0000,395
516,e_commerce,3,0,122.0000,395
517,region_building,3,1,122.0000,396
518,university_rank,3,1,122.0000,397
519,soccer_3,3,1,122.0000,398
520,institution_sports,3,0,123.0000,398
521,e_commerce,3,1,123.0000,399
522,bakery_1,3,1,123.0000,400
523,vehicle_rent,3,1,123.0000,401
524,advertising_agencies,3,1,123.0000,402
525,cre_Doc_and_collections,3,1,123.0000,403
526,car_racing,3,1,123.0000,404
527,headphone_store,3,1,123.0000,405
528,cre_Doc_and_collections,3,1,123.0000,406
529,region_building,3,0,124.0000,406
530,car_racing,3,1,124.0000,407
531,advertising_agencies,3,1,124.0000,408
532,art_1,3,1,124.0000,409
533,online_exams,3,1,124.0000,410
534,country_language,3,0,125.0000,410
535,book_1,3,1,125.0000,411
536,pilot_1,3,1,125.0000,412
537,tv_shows,3,1,125.0000,413
538,e_commerce,3,1,125.0000,414
539,book_press,3,1,125.0000,415
540,pilot_1,3,1,125.0000,416
541,university_rank,3,1,125.0000,417
542,region_building,3,1,125.0000,418
543,tv_shows,3,1,125.0000,419
544,movie_2,3,1,125.0000,420
545,cre_Doc_Workflow,3,1,125.0000,421
546,warehouse_1,3,1,125.0000,422
547,car_racing,3,1,125.0000,423
548,car_racing,3,1,125.0000,424
549,customers_and_orders,3,1,125.0000,425
550,tv_shows,3,1,125.0000,426
551,cre_Students_Information_Systems,3,1,125.0000,427
552,country_language,3,1,125.0000,428
553,university_rank,3,1,125.0000,429
554,art_1,3,0,126.0000,429
555,book_1,3,1,126.0000,430
556,aan_1,3,0,127.0000,430
557,aan_1,3,1,127.0000,431
558,book_1,3,1,127.0000,432
559,soccer_3,3,1,127.0000,433
560,country_language,3,1,127.0000,434
561,cre_Doc_and_collections,3,0,128.0000,434
562,planet_1,3,1,128.0000,435
563,address_1,3,0,129.0000,435
564,cre_Doc_and_collections,3,1,129.0000,436
565,bbc_channels,3,1,129.0000,437
566,customers_and_orders,3,1,129.0000,438
567,art_1,3,1,129.0000,439
568,planet_1,3,0,130.0000,439
569,cre_Students_Information_Systems,3,1,130.0000,440
570,vehicle_rent,3,1,130.0000,441
571,car_racing,3,1,130.0000,442
572,warehouse_1,3,0,131.0000,442
573,vehicle_driver,3,1,131.0000,443
574,warehouse_1,3,1,131.0000,444
575,pilot_1,3,1,131.0000,445
576,vehicle_driver,3,1,131.0000,446
577,address_1,3,1,131.0000,447
578,cre_Doc_and_collections,3,1,131.0000,448
579,conference,3,1,131.0000,449
580,conference,3,0,132.0000,449
581,customers_and_orders,3,1,132.0000,450
582,cre_Doc_and_collections,3,0,133.0000,450
583,warehouse_1,3,1,133.0000,451
584,book_1,3,1,133.0000,452
585,soccer_3,3,1,133.0000,453
586,boat_1,3,1,133.0000,454
587,cre_Doc_and_collections,3,0,134.0000,454
588,warehouse_1,3,1,134.0000,455
589,sing_contest,3,1,134.0000,456
590,university_rank,3,1,134.0000,457
591,conference,3,1,134.0000,458
592,video_game,3,1,134.0000,459
593,planet_1,3,1,134.0000,460
594,institution_sports,3,1,134.0000,461
595,pilot_1,3,0,135.0000,461
596,vehicle_rent,3,1,135.0000,462
597,art_1,3,0,136.0000,462
598,planet_1,3,0,137.0000,462
599,real_estate_rentals,3,1,137.0000,463
600,soccer_3,3,1,137.0000,464
601,warehouse_1,3,0,138.0000,464
602,real_estate_rentals,3,0,139.0000,464
603,pilot_1,3,0,140.0000,464
604,e_commerce,3,1,140.0000,465
605,book_1,3,1,140.0000,466
606,advertising_agencies,3,1,140.0000,467
607,vehicle_rent,3,1,140.0000,468
608,bakery_1,3,0,141.0000,468
609,book_1,3,1,141.0000,469
610,government_shift,3,0,142.0000,469
611,vehicle_rent,3,1,142.0000,470
612,region_building,3,1,142.0000,471
613,aan_1,3,0,143.0000,471
614,book_1,3,0,144.0000,471
615,customers_and_orders,3,1,144.0000,472
616,online_exams,3,1,144.0000,473
617,book_1,3,1,144.0000,474
618,online_exams,3,1,144.0000,475
619,cre_Doc_and_collections,3,1,144.0000,476
620,book_press,3,0,145.0000,476
621,pilot_1,3,1,145.0000,477
622,soccer_3,3,1,145.0000,478
623,aan_1,3,0,146.0000,478
624,pilot_1,3,1,146.0000,479
625,pilot_1,3,1,146.0000,480
626,art_1,3,0,147.0000,480
627,warehouse_1,3,1,147.0000,481
628,cre_Students_Information_Systems,3,0,148.0000,481
629,country_language,3,1,148.0000,482
630,bakery_1,3,1,148.0000,483
631,advertising_agencies,3,1,148.0000,484
632,e_commerce,3,0,149.0000,484
633,real_estate_rentals,3,1,149.0000,485
634,bakery_1,3,1,149.0000,486
635,headphone_store,3,1,149.0000,487
636,headphone_store,3,1,149.0000,488
637,cre_Students_Information_Systems,3,1,149.0000,489
638,region_building,3,1,149.0000,490
639,pilot_1,3,1,149.0000,491
640,planet_1,3,1,149.0000,492
641,real_estate_rentals,3,0,150.0000,492
642,cre_Doc_and_collections,3,0,151.0000,492
643,cre_Students_Information_Systems,3,0,152.0000,492
644,book_1,3,0,153.0000,492
645,address_1,3,1,153.0000,493
646,restaurant_bills,3,1,153.0000,494
647,real_estate_rentals,3,0,154.0000,494
648,sing_contest,3,1,154.0000,495
649,pilot_1,3,1,154.0000,496
650,cre_Doc_Workflow,3,1,154.0000,497
651,planet_1,3,0,155.0000,497
652,video_game,3,1,155.0000,498
653,bbc_channels,3,1,155.0000,499
654,customers_and_orders,3,1,155.0000,500
655,planet_1,3,1,155.0000,501
656,movie_2,3,1,155.0000,502
657,advertising_agencies,3,1,155.0000,503
658,art_1,3,1,155.0000,504
659,government_shift,3,0,156.0000,504
660,advertising_agencies,3,1,156.0000,505
661,bakery_1,3,1,156.0000,506
662,bakery_1,3,1,156.0000,507
663,warehouse_1,3,1,156.0000,508
664,aan_1,3,0,157.0000,508
665,university_rank,3,1,157.0000,509
666,planet_1,3,1,157.0000,510
667,movie_2,3,1,157.0000,511
668,customers_and_orders,3,1,157.0000,512
669,customers_and_orders,3,1,157.0000,513
670,warehouse_1,3,1,157.0000,514
671,e_commerce,3,0,158.0000,514
672,book_press,3,1,158.0000,515
673,cre_Doc_and_collections,3,0,159.0000,515
674,soccer_3,3,1,159.0000,516
675,government_shift,3,0,160.0000,516
676,warehouse_1,3,1,160.0000,517
677,vehicle_driver,3,0,161.0000,517
678,cre_Doc_Workflow,3,1,161.0000,518
679,vehicle_driver,3,1,161.0000,519
680,warehouse_1,3,1,161.0000,520
681,boat_1,3,1,161.0000,521
682,warehouse_1,3,0,162.0000,521
683,book_1,3,0,163.0000,521
684,conference,3,1,163.0000,522
685,boat_1,3,0,164.0000,522
686,cre_Doc_Workflow,3,1,164.0000,523
687,e_commerce,3,1,164.0000,524
688,book_1,3,1,164.0000,525
689,soccer_3,3,1,164.0000,526
690,conference,3,1,164.0000,527
691,bakery_1,3,0,165.0000,527
692,institution_sports,3,1,165.0000,528
693,real_estate_rentals,3,0,166.0000,528
694,tv_shows,3,1,166.0000,529
695,online_exams,3,1,166.0000,530
696,government_shift,3,1,166.0000,531
697,vehicle_rent,3,1,166.0000,532
698,club_leader,3,0,167.0000,532
699,car_racing,3,1,167.0000,533
700,cre_Doc_Workflow,3,1,167.0000,534
701,cre_Doc_Workflow,3,1,167.0000,535
702,book_1,3,1,167.0000,536
703,video_game,3,1,167.0000,537
704,bike_racing,3,1,167.0000,538
705,region_building,3,1,167.0000,539
706,boat_1,3,1,167.0000,540
707,book_1,3,1,167.0000,541
708,government_shift,3,0,168.0000,541
709,car_road_race,3,1,168.0000,542
710,advertising_agencies,3,1,168.0000,543
711,art_1,3,1,168.0000,544
712,real_estate_rentals,3,1,168.0000,545
713,address_1,3,1,168.0000,546
714,cre_Students_Information_Systems,3,0,169.0000,546
715,art_1,3,1,169.0000,547
716,video_game,3,1,169.0000,548
717,cre_Doc_and_collections,3,0,170.0000,548
718,e_commerce,3,0,171.0000,548
719,country_language,3,0,172.0000,548
720,advertising_agencies,3,1,172.0000,549
721,customers_and_orders,3,1,172.0000,550
722,university_rank,3,1,172.0000,551
723,boat_1,3,0,173.0000,551
724,e_commerce,3,1,173.0000,552
725,vehicle_driver,3,1,173.0000,553
726,conference,3,1,173.0000,554
727,vehicle_rent,3,1,173.0000,555
728,car_racing,3,1,173.0000,556
729,conference,3,0,174.0000,556
730,book_review,3,1,174.0000,557
731,bbc_channels,3,1,174.0000,558
732,pilot_1,3,0,175.0000,558
733,aan_1,3,1,175.0000,559
734,pilot_1,3,1,175.0000,560
735,planet_1,3,0,176.0000,560
736,university_rank,3,0,177.0000,560
737,bike_racing,3,1,177.0000,561
738,boat_1,3,1,177.0000,562
739,university_rank,3,0,178.0000,562
740,planet_1,3,0,179.0000,562
741,aan_1,3,1,179.0000,563
742,real_estate_rentals,3,1,179.0000,564
743,university_rank,3,1,179.0000,565
744,tv_shows,3,1,179.0000,566
745,district_spokesman,3,1,179.0000,567
746,pilot_1,3,1,179.0000,568
747,bbc_channels,3,1,179.0000,569
748,warehouse_1,3,1,179.0000,570
749,conference,3,1,179.0000,571
750,book_1,3,0,180.0000,571
751,video_game,3,1,180.0000,572
752,country_language,3,0,181.0000,572
753,bakery_1,3,1,181.0000,573
754,customers_and_orders,3,1,181.0000,574
755,institution_sports,3,1,181.0000,575
756,cre_Doc_Workflow,3,1,181.0000,576
757,conference,3,0,182.0000,576
758,headphone_store,3,0,183.0000,576
759,customers_and_orders,3,1,183.0000,577
760,country_language,3,1,183.0000,578
761,boat_1,3,0,184.0000,578
762,soccer_3,3,1,184.0000,579
763,advertising_agencies,3,1,184.0000,580
764,e_commerce,3,0,185.0000,580
765,headphone_store,3,1,185.0000,581
766,advertising_agencies,3,1,185.0000,582
767,university_rank,3,1,185.0000,583
768,car_racing,3,1,185.0000,584
769,bakery_1,3,1,185.0000,585
770,conference,3,0,186.0000,585
771,customers_and_orders,3,1,186.0000,586
772,video_game,3,1,186.0000,587
773,country_language,3,1,186.0000,588
774,cre_Students_Information_Systems,3,1,186.0000,589
775,e_commerce,3,0,187.0000,589
776,pilot_1,3,1,187.0000,590
777,cre_Students_Information_Systems,3,0,188.0000,590
778,art_1,3,1,188.0000,591
779,warehouse_1,3,0,189.0000,591
780,restaurant_bills,3,1,189.0000,592
781,cre_Doc_and_collections,3,1,189.0000,593
782,customers_and_orders,3,1,189.0000,594
783,government_shift,3,1,189.0000,595
784,district_spokesman,3,1,189.0000,596
785,headphone_store,3,1,189.0000,597
786,advertising_agencies,3,1,189.0000,598
787,district_spokesman,3,1,189.0000,599
788,country_language,3,1,189.0000,600
789,district_spokesman,3,1,189.0000,601
790,advertising_agencies,3,1,189.0000,602
791,address_1,3,1,189.0000,603
792,cre_Doc_and_collections,3,0,190.0000,603
793,e_commerce,3,1,190.0000,604
794,restaurant_bills,3,1,190.0000,605
795,conference,3,0,191.0000,605
796,region_building,3,1,191.0000,606
797,video_game,3,1,191.0000,607
798,region_building,3,1,191.0000,608
799,government_shift,3,1,191.0000,609
800,warehouse_1,3,0,192.0000,609
801,soccer_3,3,1,192.0000,610
802,book_press,3,1,192.0000,611
803,region_building,3,1,192.0000,612
804,vehicle_driver,3,1,192.0000,613
805,cre_Doc_and_collections,3,1,192.0000,614
806,real_estate_rentals,3,0,193.0000,614
807,planet_1,3,1,193.0000,615
808,online_exams,3,1,193.0000,616
809,address_1,3,1,193.0000,617
810,e_commerce,3,1,193.0000,618
811,tv_shows,3,1,193.0000,619
812,vehicle_rent,3,1,193.0000,620
813,planet_1,3,1,193.0000,621
814,pilot_1,3,0,194.0000,621
815,customers_and_orders,3,1,194.0000,622
816,real_estate_rentals,3,0,195.0000,622
817,car_racing,3,1,195.0000,623
818,advertising_agencies,3,1,195.0000,624
819,e_commerce,3,1,195.0000,625
820,video_game,3,1,195.0000,626
821,bike_racing,3,0,196.0000,626
822,advertising_agencies,3,0,197.0000,626
823,region_building,3,1,197.0000,627
824,vehicle_driver,3,1,197.0000,628
825,vehicle_rent,3,1,197.0000,629
826,pilot_1,3,1,197.0000,630
827,bakery_1,3,0,198.0000,630
828,cre_Students_Information_Systems,3,1,198.0000,631
829,institution_sports,3,1,198.0000,632
830,pilot_1,3,1,198.0000,633
831,government_shift,3,1,198.0000,634
832,customers_and_orders,3,1,198.0000,635
833,aan_1,3,1,198.0000,636
834,cre_Doc_Workflow,3,1,198.0000,637
835,sing_contest,3,1,198.0000,638
836,real_estate_rentals,3,0,199.0000,638
837,vehicle_rent,3,1,199.0000,639
838,book_1,3,1,199.0000,640
839,e_commerce,3,0,200.0000,640
840,headphone_store,3,1,200.0000,641
841,soccer_3,3,1,200.0000,642
842,movie_2,3,0,201.0000,642
843,bakery_1,3,0,202.0000,642
844,warehouse_1,3,0,203.0000,642
845,restaurant_bills,3,1,203.0000,643
846,customers_and_orders,3,0,204.0000,643
847,country_language,3,1,204.0000,644
848,art_1,3,1,204.0000,645
849,book_1,3,1,204.0000,646
850,address_1,3,1,204.0000,647
851,online_exams,3,1,204.0000,648
852,bbc_channels,3,0,205.0000,648
853,car_road_race,3,1,205.0000,649
854,boat_1,3,1,205.0000,650
855,university_rank,3,1,205.0000,651
856,conference,3,1,205.0000,652
857,advertising_agencies,3,1,205.0000,653
858,art_1,3,0,206.0000,653
859,address_1,3,1,206.0000,654
860,art_1,3,0,207.0000,654
861,planet_1,3,1,207.0000,655
862,address_1,3,1,207.0000,656
863,address_1,3,1,207.0000,657
864,pilot_1,3,0,208.0000,657
865,aan_1,3,0,209.0000,657
866,aan_1,3,0,210.0000,657
867,club_leader,3,1,210.0000,658
868,e_commerce,3,1,210.0000,659
869,bakery_1,3,0,211.0000,659
870,vehicle_driver,3,1,211.0000,660
871,real_estate_rentals,3,1,211.0000,661
872,book_press,3,1,211.0000,662
873,vehicle_rent,3,1,211.0000,663
874,car_road_race,3,1,211.0000,664
875,customers_and_orders,3,1,211.0000,665
876,tv_shows,3,1,211.0000,666
877,e_commerce,3,1,211.0000,667
878,country_language,3,1,211.0000,668
879,cre_Students_Information_Systems,3,0,212.0000,668
880,soccer_3,3,1,212.0000,669
881,book_press,3,1,212.0000,670
882,book_1,3,1,212.0000,671
883,car_racing,3,1,212.0000,672
884,planet_1,3,1,212.0000,673
885,cre_Students_Information_Systems,3,1,212.0000,674
886,cre_Doc_and_collections,3,1,212.0000,675
887,conference,3,1,212.0000,676
888,car_racing,3,1,212.0000,677
889,video_game,3,0,213.0000,677
890,club_leader,3,0,214.0000,677
891,vehicle_rent,3,1,214.0000,678
892,address_1,3,1,214.0000,679
893,pilot_1,3,1,214.0000,680
894,address_1,3,1,214.0000,681
895,car_road_race,3,1,214.0000,682
896,real_estate_rentals,3,1,214.0000,683
897,cre_Students_Information_Systems,3,0,215.0000,683
898,aan_1,3,1,215.0000,684
899,planet_1,3,0,216.0000,684
900,advertising_agencies,3,1,216.0000,685
901,address_1,3,1,216.0000,686
902,pilot_1,3,1,216.0000,687
903,book_1,3,0,217.0000,687
904,book_press,3,0,218.0000,687
905,car_racing,3,1,218.0000,688
906,bakery_1,3,0,219.0000,688
907,district_spokesman,3,1,219.0000,689
908,online_exams,3,1,219.0000,690
909,cre_Students_Information_Systems,3,1,219.0000,691
910,online_exams,3,0,220.0000,691
911,aan_1,3,0,221.0000,691
912,online_exams,3,1,221.0000,692
913,headphone_store,3,1,221.0000,693
914,institution_sports,3,1,221.0000,694
915,advertising_agencies,3,1,221.0000,695
916,car_road_race,3,1,221.0000,696
917,real_estate_rentals,3,0,222.0000,696
918,conference,3,0,223.0000,696
919,address_1,3,0,224.0000,696
920,customers_and_orders,3,1,224.0000,697
921,cre_Students_Information_Systems,3,1,224.0000,698
922,government_shift,3,0,225.0000,698
923,car_road_race,3,1,225.0000,699
924,aan_1,3,0,226.0000,699
925,bakery_1,3,0,227.0000,699
926,book_1,3,1,227.0000,700
927,boat_1,3,0,228.0000,700
928,cre_Doc_and_collections,3,1,228.0000,701
929,customers_and_orders,3,1,228.0000,702
930,real_estate_rentals,3,1,228.0000,703
931,bbc_channels,3,1,228.0000,704
932,bakery_1,3,1,228.0000,705
933,book_press,3,1,228.0000,706
934,e_commerce,3,1,228.0000,707
935,planet_1,3,1,228.0000,708
936,headphone_store,3,1,228.0000,709
937,customers_and_orders,3,1,228.0000,710
938,advertising_agencies,3,1,228.0000,711
939,real_estate_rentals,3,1,228.0000,712
940,country_language,3,0,229.0000,712
941,e_commerce,3,1,229.0000,713
942,university_rank,3,0,230.0000,713
943,university_rank,3,0,231.0000,713
944,pilot_1,3,1,231.0000,714
945,cre_Doc_and_collections,3,1,231.0000,715
946,warehouse_1,3,1,231.0000,716
947,university_rank,3,1,231.0000,717
948,book_1,3,1,231.0000,718
949,planet_1,3,0,232.0000,718
950,soccer_3,3,1,232.0000,719
951,address_1,3,1,232.0000,720
952,online_exams,3,1,232.0000,721
953,university_rank,3,1,232.0000,722
954,warehouse_1,3,1,232.0000,723
955,boat_1,3,0,233.0000,723
956,restaurant_bills,3,1,233.0000,724
957,institution_sports,3,1,233.0000,725
958,sing_contest,3,1,233.0000,726
959,warehouse_1,3,1,233.0000,727
960,cre_Students_Information_Systems,3,1,233.0000,728
961,book_press,3,1,233.0000,729
962,movie_2,3,1,233.0000,730
963,aan_1,3,1,233.0000,731
964,warehouse_1,3,1,233.0000,732
965,bakery_1,3,1,233.0000,733
966,headphone_store,3,1,233.0000,734
967,country_language,3,1,233.0000,735
968,bbc_channels,3,1,233.0000,736
969,address_1,3,1,233.0000,737
970,bakery_1,3,1,233.0000,738
971,cre_Students_Information_Systems,3,1,233.0000,739
972,warehouse_1,3,0,234.0000,739
973,warehouse_1,3,1,234.0000,740
974,art_1,3,1,234.0000,741
975,boat_1,3,1,234.0000,742
976,aan_1,3,0,235.0000,742
977,vehicle_driver,3,1,235.0000,743
978,car_road_race,3,1,235.0000,744
979,vehicle_rent,3,1,235.0000,745
980,headphone_store,3,1,235.0000,746
981,cre_Students_Information_Systems,3,1,235.0000,747
982,online_exams,3,1,235.0000,748
983,cre_Students_Information_Systems,3,1,235.0000,749
984,planet_1,3,1,235.0000,750
985,advertising_agencies,3,1,235.0000,751
986,e_commerce,3,0,236.0000,751
987,bakery_1,3,1,236.0000,752
988,bakery_1,3,0,237.0000,752
989,book_1,3,1,237.0000,753
990,art_1,3,0,238.0000,753
991,planet_1,3,1,238.0000,754
992,movie_2,3,1,238.0000,755
993,aan_1,3,0,239.0000,755
994,district_spokesman,3,1,239.0000,756
995,bakery_1,3,1,239.0000,757
996,real_estate_rentals,3,1,239.0000,758
997,bike_racing,3,1,239.0000,759
998,cre_Doc_and_collections,3,1,239.0000,760
999,car_road_race,3,1,239.0000,761
1000,art_1,3,1,239.0000,762
1001,real_estate_rentals,3,1,239.0000,763
1002,cre_Students_Information_Systems,3,1,239.0000,764
1003,advertising_agencies,3,0,240.0000,764
1004,vehicle_rent,3,1,240.0000,765
1005,e_commerce,3,1,240.0000,766
1006,boat_1,3,1,240.0000,767
1007,movie_2,3,1,240.0000,768
1008,customers_and_orders,3,1,240.0000,769
1009,art_1,3,1,240.0000,770
1010,university_rank,3,1,240.0000,771
1011,headphone_store,3,0,241.0000,771
1012,bbc_channels,3,1,241.0000,772
1013,car_racing,3,1,241.0000,773
1014,address_1,3,1,241.0000,774
1015,region_building,3,1,241.0000,775
1016,pilot_1,3,1,241.0000,776
1017,video_game,3,1,241.0000,777
1018,art_1,3,0,242.0000,777
1019,e_commerce,3,0,243.0000,777
1020,bakery_1,3,0,244.0000,777
1021,restaurant_bills,3,1,244.0000,778
1022,book_press,3,1,244.0000,779
1023,book_1,3,1,244.0000,780
1024,aan_1,3,1,244.0000,781
1025,e_commerce,3,1,244.0000,782
1026,car_road_race,3,1,244.0000,783
1027,advertising_agencies,3,1,244.0000,784
1028,boat_1,3,1,244.0000,785
1029,art_1,3,1,244.0000,786
1030,bike_racing,3,0,245.0000,786
1031,university_rank,3,1,245.0000,787
1032,art_1,3,1,245.0000,788
1033,art_1,3,1,245.0000,789
1034,address_1,3,1,245.0000,790
1035,warehouse_1,3,1,245.0000,791
1036,vehicle_driver,3,1,245.0000,792
1037,address_1,3,0,246.0000,792
1038,sing_contest,3,1,246.0000,793
1039,cre_Doc_and_collections,3,1,246.0000,794
1040,real_estate_rentals,3,1,246.0000,795
1041,aan_1,3,1,246.0000,796
1042,book_press,3,1,246.0000,797
1043,address_1,3,1,246.0000,798
1044,cre_Students_Information_Systems,3,1,246.0000,799
1045,e_commerce,3,0,247.0000,799
1046,e_commerce,3,1,247.0000,800
1047,region_building,3,1,247.0000,801
1048,vehicle_rent,3,1,247.0000,802
1049,restaurant_bills,3,1,247.0000,803
1050,cre_Doc_and_collections,3,1,247.0000,804
1051,warehouse_1,3,1,247.0000,805
1052,aan_1,3,1,247.0000,806
1053,cre_Students_Information_Systems,3,0,248.0000,806
1054,cre_Doc_and_collections,3,1,248.0000,807
1055,bakery_1,3,1,248.0000,808
1056,art_1,3,1,248.0000,809
1057,sing_contest,3,1,248.0000,810
1058,restaurant_bills,3,1,248.0000,811
1059,soccer_3,3,1,248.0000,812
1060,planet_1,3,1,248.0000,813
1061,government_shift,3,0,249.0000,813
1062,real_estate_rentals,3,0,250.0000,813
1063,cre_Doc_and_collections,3,1,250.0000,814
1064,conference,3,1,250.0000,815
1065,e_commerce,3,0,251.0000,815
1066,boat_1,3,0,252.0000,815
1067,video_game,3,1,252.0000,816
1068,boat_1,3,1,252.0000,817
1069,government_shift,3,0,253.0000,817
1070,conference,3,0,254.0000,817
1071,e_commerce,3,1,254.0000,818
1072,pilot_1,3,1,254.0000,819
1073,art_1,3,1,254.0000,820
1074,headphone_store,3,1,254.0000,821
1075,advertising_agencies,3,1,254.0000,822
1076,bbc_channels,3,1,254.0000,823
1077,video_game,3,1,254.0000,824
1078,conference,3,1,254.0000,825
1079,movie_2,3,0,255.0000,825
1080,cre_Students_Information_Systems,3,1,255.0000,826
1081,bakery_1,3,1,255.0000,827
1082,book_1,3,1,255.0000,828
1083,bakery_1,3,1,255.0000,829
1084,advertising_agencies,3,1,255.0000,830
1085,vehicle_driver,3,0,256.0000,830
1086,car_racing,3,1,256.0000,831
1087,soccer_3,3,1,256.0000,832
1088,university_rank,3,1,256.0000,833
1089,aan_1,3,1,256.0000,834
1090,address_1,3,1,256.0000,835
1091,aan_1,3,1,256.0000,836
1092,pilot_1,3,1,256.0000,837
1093,headphone_store,3,1,256.0000,838
1094,e_commerce,3,0,257.0000,838
1095,art_1,3,0,258.0000,838
1096,book_review,3,1,258.0000,839
1097,movie_2,3,0,259.0000,839
1098,vehicle_driver,3,1,259.0000,840
1099,cre_Students_Information_Systems,3,1,259.0000,841
1100,online_exams,3,1,259.0000,842
1101,boat_1,3,1,259.0000,843
1102,warehouse_1,3,1,259.0000,844
1103,cre_Students_Information_Systems,3,1,259.0000,845
1104,boat_1,3,1,259.0000,846
1105,boat_1,3,1,259.0000,847
1106,movie_2,3,1,259.0000,848
1107,cre_Doc_Workflow,3,1,259.0000,849
1108,advertising_agencies,3,1,259.0000,850
1109,advertising_agencies,3,1,259.0000,851
1110,boat_1,3,1,259.0000,852
1111,cre_Doc_Workflow,3,1,259.0000,853
1112,pilot_1,3,1,259.0000,854
1113,art_1,3,1,259.0000,855
1114,warehouse_1,3,1,259.0000,856
1115,customers_and_orders,3,1,259.0000,857
1116,real_estate_rentals,3,0,260.0000,857
1117,government_shift,3,0,261.0000,857
1118,advertising_agencies,3,1,261.0000,858
1119,government_shift,3,1,261.0000,859
1120,pilot_1,3,0,262.0000,859
1121,art_1,3,1,262.0000,860
1122,vehicle_driver,3,1,262.0000,861
1123,car_road_race,3,1,262.0000,862
1124,book_1,3,1,262.0000,863
1125,university_rank,3,1,262.0000,864
1126,planet_1,3,1,262.0000,865
1127,customers_and_orders,3,1,262.0000,866
1128,planet_1,3,1,262.0000,867
1129,vehicle_driver,3,1,262.0000,868
1130,car_road_race,3,1,262.0000,869
1131,pilot_1,3,1,262.0000,870
1132,cre_Doc_and_collections,3,1,262.0000,871
1133,aan_1,3,0,263.0000,871
1134,club_leader,3,1,263.0000,872
1135,bakery_1,3,0,264.0000,872
1136,cre_Students_Information_Systems,3,1,264.0000,873
1137,boat_1,3,1,264.0000,874
1138,bakery_1,3,1,264.0000,875
1139,e_commerce,3,1,264.0000,876
1140,art_1,3,1,264.0000,877
1141,car_racing,3,1,264.0000,878
1142,bakery_1,3,1,264.0000,879
1143,car_racing,3,1,264.0000,880
1144,art_1,3,1,264.0000,881
1145,car_road_race,3,1,264.0000,882
1146,customers_and_orders,3,1,264.0000,883
1147,car_road_race,3,1,264.0000,884
1148,restaurant_bills,3,1,264.0000,885
1149,aan_1,3,1,264.0000,886
1150,restaurant_bills,3,1,264.0000,887
1151,institution_sports,3,1,264.0000,888
1152,book_1,3,1,264.0000,889
1153,art_1,3,0,265.0000,889
1154,video_game,3,1,265.0000,890
1155,warehouse_1,3,1,265.0000,891
1156,movie_2,3,1,265.0000,892
1157,government_shift,3,1,265.0000,893
1158,advertising_agencies,3,1,265.0000,894
1159,pilot_1,3,0,266.0000,894
1160,address_1,3,1,266.0000,895
1161,headphone_store,3,0,267.0000,895
1162,address_1,3,1,267.0000,896
1163,district_spokesman,3,1,267.0000,897
1164,book_press,3,0,268.0000,897
1165,aan_1,3,1,268.0000,898
1166,aan_1,3,1,268.0000,899
1167,university_rank,3,1,268.0000,900
1168,aan_1,3,1,268.0000,901
1169,club_leader,3,1,268.0000,902
1170,address_1,3,0,269.0000,902
1171,book_press,3,1,269.0000,903
1172,customers_and_orders,3,1,269.0000,904
1173,book_1,3,1,269.0000,905
1174,real_estate_rentals,3,1,269.0000,906
1175,cre_Doc_and_collections,3,0,270.0000,906
1176,art_1,3,1,270.0000,907
1177,region_building,3,0,271.0000,907
1178,book_1,3,0,272.0000,907
1179,soccer_3,3,1,272.0000,908
1180,planet_1,3,1,272.0000,909
1181,country_language,3,0,273.0000,909
1182,boat_1,3,1,273.0000,910
1183,bakery_1,3,0,274.0000,910
1184,car_racing,3,1,274.0000,911
1185,soccer_3,3,1,274.0000,912
1186,pilot_1,3,1,274.0000,913
1187,address_1,3,1,274.0000,914
1188,art_1,3,0,275.0000,914
1189,book_press,3,1,275.0000,915
1190,soccer_3,3,1,275.0000,916
1191,bakery_1,3,1,275.0000,917
1192,bakery_1,3,1,275.0000,918
1193,real_estate_rentals,3,0,276.0000,918
1194,book_review,3,1,276.0000,919
1195,video_game,3,1,276.0000,920
1196,book_press,3,1,276.0000,921
1197,movie_2,3,1,276.0000,922
1198,institution_sports,3,1,276.0000,923
1199,real_estate_rentals,3,1,276.0000,924
1200,region_building,3,1,276.0000,925
1201,customers_and_orders,3,1,276.0000,926
1202,car_road_race,3,1,276.0000,927
1203,advertising_agencies,3,1,276.0000,928
1204,bike_racing,3,1,276.0000,929
1205,boat_1,3,1,276.0000,930
1206,advertising_agencies,3,1,276.0000,931
1207,address_1,3,1,276.0000,932
1208,region_building,3,1,276.0000,933
1209,art_1,3,0,277.0000,933
1210,warehouse_1,3,1,277.0000,934
1211,cre_Doc_and_collections,3,0,278.0000,934
1212,soccer_3,3,1,278.0000,935
1213,headphone_store,3,1,278.0000,936
1214,cre_Doc_and_collections,3,1,278.0000,937
1215,government_shift,3,0,279.0000,937
1216,cre_Doc_Workflow,3,1,279.0000,938
1217,cre_Students_Information_Systems,3,1,279.0000,939
1218,pilot_1,3,1,279.0000,940
1219,video_game,3,1,279.0000,941
1220,pilot_1,3,1,279.0000,942
1221,region_building,3,1,279.0000,943
1222,online_exams,3,1,279.0000,944
1223,bakery_1,3,0,280.0000,944
1224,cre_Students_Information_Systems,3,1,280.0000,945
1225,institution_sports,3,1,280.0000,946
1226,book_1,3,1,280.0000,947
1227,boat_1,3,1,280.0000,948
1228,bakery_1,3,1,280.0000,949
1229,online_exams,3,1,280.0000,950
1230,planet_1,3,1,280.0000,951
1231,warehouse_1,3,1,280.0000,952
1232,cre_Doc_and_collections,3,0,281.0000,952
1233,warehouse_1,3,0,282.0000,952
1234,aan_1,3,1,282.0000,953
1235,soccer_3,3,1,282.0000,954
1236,bakery_1,3,0,283.0000,954
1237,pilot_1,3,1,283.0000,955
1238,customers_and_orders,3,1,283.0000,956
1239,vehicle_rent,3,1,283.0000,957
1240,aan_1,3,1,283.0000,958
1241,advertising_agencies,3,1,283.0000,959
1242,art_1,3,1,283.0000,960
1243,university_rank,3,1,283.0000,961
1244,online_exams,3,1,283.0000,962
1245,government_shift,3,1,283.0000,963
1246,headphone_store,3,1,283.0000,964
1247,aan_1,3,1,283.0000,965
1248,boat_1,3,1,283.0000,966
1249,cre_Doc_and_collections,3,1,283.0000,967
1250,district_spokesman,3,1,283.0000,968
1251,bike_racing,3,1,283.0000,969
1252,sing_contest,3,1,283.0000,970
1253,region_building,3,1,283.0000,971
1254,cre_Doc_and_collections,3,0,284.0000,971
1255,bakery_1,3,1,284.0000,972
1256,cre_Students_Information_Systems,3,1,284.0000,973
1257,car_road_race,3,1,284.0000,974
1258,boat_1,3,1,284.0000,975
1259,restaurant_bills,3,1,284.0000,976
1260,restaurant_bills,3,1,284.0000,977
1261,headphone_store,3,1,284.0000,978
1262,pilot_1,3,1,284.0000,979
1263,advertising_agencies,3,1,284.0000,980
1264,e_commerce,3,1,284.0000,981
1265,art_1,3,1,284.0000,982
1266,conference,3,1,284.0000,983
1267,vehicle_rent,3,1,284.0000,984
1268,book_1,3,1,284.0000,985
1269,art_1,3,0,285.0000,985
1270,advertising_agencies,3,1,285.0000,986
1271,book_1,3,1,285.0000,987
1272,online_exams,3,1,285.0000,988
1273,e_commerce,3,1,285.0000,989
1274,bakery_1,3,1,285.0000,990
1275,government_shift,3,1,285.0000,991
1276,book_press,3,0,286.0000,991
1277,address_1,3,1,286.0000,992
1278,cre_Doc_Workflow,3,1,286.0000,993
1279,soccer_3,3,1,286.0000,994
1280,institution_sports,3,1,286.0000,995
1281,boat_1,3,1,286.0000,996
1282,customers_and_orders,3,1,286.0000,997
1283,restaurant_bills,3,1,286.0000,998
1284,headphone_store,3,1,286.0000,999
1285,real_estate_rentals,3,1,286.0000,1000
1286,sing_contest,3,1,286.0000,1001
1287,art_1,3,1,286.0000,1002
1288,pilot_1,3,1,286.0000,1003
1289,car_road_race,3,1,286.0000,1004
1290,real_estate_rentals,3,1,286.0000,1005
1291,warehouse_1,3,0,287.0000,1005
1292,cre_Doc_and_collections,3,1,287.0000,1006
1293,advertising_agencies,3,1,287.0000,1007
1294,region_building,3,1,287.0000,1008
1295,movie_2,3,0,288.0000,1008
1296,aan_1,3,1,288.0000,1009
1297,art_1,3,0,289.0000,1009
1298,government_shift,3,0,290.0000,1009
1299,online_exams,3,1,290.0000,1010
1300,cre_Students_Information_Systems,3,1,290.0000,1011
1301,boat_1,3,1,290.0000,1012
1302,real_estate_rentals,3,0,291.0000,1012
1303,warehouse_1,3,0,292.0000,1012
1304,country_language,3,1,292.0000,1013
1305,customers_and_orders,3,1,292.0000,1014
1306,art_1,3,1,292.0000,1015
1307,movie_2,3,1,292.0000,1016
1308,warehouse_1,3,1,292.0000,1017
1309,university_rank,3,1,292.0000,1018
1310,customers_and_orders,3,1,292.0000,1019
1311,headphone_store,3,0,293.0000,1019
1312,book_press,3,1,293.0000,1020
1313,bike_racing,3,1,293.0000,1021
1314,address_1,3,1,293.0000,1022
1315,university_rank,3,1,293.0000,1023
1316,institution_sports,3,1,293.0000,1024
1317,government_shift,3,0,294.0000,1024
1318,cre_Doc_and_collections,3,1,294.0000,1025
1319,online_exams,3,1,294.0000,1026
1320,bbc_channels,3,1,294.0000,1027
1321,e_commerce,3,1,294.0000,1028
1322,region_building,3,1,294.0000,1029
1323,address_1,3,1,294.0000,1030
1324,book_1,3,1,294.0000,1031
1325,real_estate_rentals,3,1,294.0000,1032
1326,cre_Students_Information_Systems,3,0,295.0000,1032
1327,book_press,3,0,296.0000,1032
1328,address_1,3,1,296.0000,1033
1329,art_1,3,0,297.0000,1033
1330,vehicle_driver,3,1,297.0000,1034
1331,movie_2,3,1,297.0000,1035
1332,book_press,3,0,298.0000,1035
1333,bakery_1,3,0,299.0000,1035
1334,bakery_1,3,1,299.0000,1036
1335,aan_1,3,1,299.0000,1037
1336,customers_and_orders,3,1,299.0000,1038
1337,planet_1,3,1,299.0000,1039
1338,address_1,3,1,299.0000,1040
1339,club_leader,3,1,299.0000,1041
1340,restaurant_bills,3,1,299.0000,1042
1341,art_1,3,0,300.0000,1042
1342,country_language,3,1,300.0000,1043
1343,pilot_1,3,1,300.0000,1044
1344,art_1,3,1,300.0000,1045
1345,university_rank,3,1,300.0000,1046
1346,pilot_1,3,1,300.0000,1047
1347,cre_Doc_Workflow,3,1,300.0000,1048
1348,address_1,3,1,300.0000,1049
1349,video_game,3,1,300.0000,1050
1350,advertising_agencies,3,1,300.0000,1051
1351,vehicle_rent,3,1,300.0000,1052
1352,cre_Students_Information_Systems,3,1,300.0000,1053
1353,online_exams,3,1,300.0000,1054
1354,district_spokesman,3,1,300.0000,1055
1355,advertising_agencies,3,1,300.0000,1056
1356,university_rank,3,1,300.0000,1057
1357,aan_1,3,0,301.0000,1057
1358,book_press,3,0,302.0000,1057
1359,sing_contest,3,0,303.0000,1057
1360,institution_sports,3,1,303.0000,1058
1361,pilot_1,3,1,303.0000,1059
1362,e_commerce,3,0,304.0000,1059
1363,region_building,3,1,304.0000,1060
1364,book_press,3,1,304.0000,1061
1365,customers_and_orders,3,1,304.0000,1062
1366,book_press,3,0,305.0000,1062
1367,online_exams,3,1,305.0000,1063
1368,boat_1,3,1,305.0000,1064
1369,conference,3,1,305.0000,1065
1370,address_1,3,1,305.0000,1066
1371,cre_Doc_Workflow,3,1,305.0000,1067
1372,real_estate_rentals,3,1,305.0000,1068
1373,advertising_agencies,3,1,305.0000,1069
1374,movie_2,3,1,305.0000,1070
1375,university_rank,3,1,305.0000,1071
1376,art_1,3,1,305.0000,1072
1377,cre_Students_Information_Systems,3,0,306.0000,1072
1378,cre_Doc_and_collections,3,1,306.0000,1073
1379,book_1,3,1,306.0000,1074
1380,video_game,3,1,306.0000,1075
1381,aan_1,3,1,306.0000,1076
1382,real_estate_rentals,3,0,307.0000,1076
1383,customers_and_orders,3,1,307.0000,1077
1384,bbc_channels,3,1,307.0000,1078
1385,customers_and_orders,3,1,307.0000,1079
1386,e_commerce,3,1,307.0000,1080
1387,book_1,3,1,307.0000,1081
1388,soccer_3,3,0,308.0000,1081
1389,headphone_store,3,1,308.0000,1082
1390,book_1,3,1,308.0000,1083
1391,art_1,3,1,308.0000,1084
1392,institution_sports,3,0,309.0000,1084
1393,soccer_3,3,1,309.0000,1085
1394,book_review,3,1,309.0000,1086
1395,vehicle_rent,3,1,309.0000,1087
1396,conference,3,0,310.0000,1087
1397,e_commerce,3,1,310.0000,1088
1398,book_1,3,0,311.0000,1088
1399,university_rank,3,0,312.0000,1088
1400,aan_1,3,1,312.0000,1089
1401,advertising_agencies,3,1,312.0000,1090
1402,boat_1,3,1,312.0000,1091
1403,car_racing,3,1,312.0000,1092
1404,cre_Doc_Workflow,3,1,312.0000,1093
1405,online_exams,3,1,312.0000,1094
1406,club_leader,3,1,312.0000,1095
1407,e_commerce,3,1,312.0000,1096
1408,book_press,3,1,312.0000,1097
1409,vehicle_driver,3,1,312.0000,1098
1410,cre_Students_Information_Systems,3,0,313.0000,1098
1411,cre_Doc_and_collections,3,0,314.0000,1098
1412,real_estate_rentals,3,1,314.0000,1099
1413,soccer_3,3,1,314.0000,1100
1414,planet_1,3,1,314.0000,1101
1415,book_press,3,1,314.0000,1102
1416,video_game,3,1,314.0000,1103
1417,online_exams,3,1,314.0000,1104
1418,conference,3,0,315.0000,1104
1419,restaurant_bills,3,1,315.0000,1105
1420,customers_and_orders,3,1,315.0000,1106
1421,online_exams,3,1,315.0000,1107
1422,boat_1,3,1,315.0000,1108
1423,real_estate_rentals,3,1,315.0000,1109
1424,real_estate_rentals,3,1,315.0000,1110
1425,vehicle_rent,3,1,315.0000,1111
1426,conference,3,1,315.0000,1112
1427,vehicle_driver,3,1,315.0000,1113
1428,restaurant_bills,3,1,315.0000,1114
1429,bakery_1,3,1,315.0000,1115
1430,vehicle_driver,3,1,315.0000,1116
1431,vehicle_rent,3,1,315.0000,1117
1432,cre_Doc_and_collections,3,1,315.0000,1118
1433,address_1,3,1,315.0000,1119
1434,e_commerce,3,1,315.0000,1120
1435,advertising_agencies,3,1,315.0000,1121
1436,sing_contest,3,1,315.0000,1122
1437,boat_1,3,1,315.0000,1123
1438,bike_racing,3,1,315.0000,1124
1439,art_1,3,0,316.0000,1124
1440,cre_Doc_Workflow,3,0,317.0000,1124
1441,art_1,3,1,317.0000,1125
1442,bakery_1,3,0,318.0000,1125
1443,car_racing,3,1,318.0000,1126
1444,cre_Doc_Workflow,3,1,318.0000,1127
1445,art_1,3,1,318.0000,1128
1446,car_road_race,3,1,318.0000,1129
1447,real_estate_rentals,3,1,318.0000,1130
1448,conference,3,1,318.0000,1131
1449,government_shift,3,1,318.0000,1132
1450,boat_1,3,1,318.0000,1133
1451,advertising_agencies,3,0,319.0000,1133
1452,e_commerce,3,1,319.0000,1134
1453,book_press,3,1,319.0000,1135
1454,book_1,3,1,319.0000,1136
1455,bakery_1,3,0,320.0000,1136
1456,bike_racing,3,1,320.0000,1137
1457,bakery_1,3,0,321.0000,1137
1458,boat_1,3,1,321.0000,1138
1459,cre_Students_Information_Systems,3,0,322.0000,1138
1460,aan_1,3,1,322.0000,1139
1461,book_1,3,0,323.0000,1139
1462,address_1,3,0,324.0000,1139
1463,art_1,3,1,324.0000,1140
1464,planet_1,3,0,325.0000,1140
1465,cre_Students_Information_Systems,3,1,325.0000,1141
1466,address_1,3,0,326.0000,1141
1467,video_game,3,1,326.0000,1142
1468,art_1,3,1,326.0000,1143
1469,movie_2,3,1,326.0000,1144
1470,country_language,3,1,326.0000,1145
1471,e_commerce,3,1,326.0000,1146
1472,art_1,3,0,327.0000,1146
1473,advertising_agencies,3,1,327.0000,1147
1474,vehicle_driver,3,1,327.0000,1148
1475,cre_Doc_Workflow,3,1,327.0000,1149
1476,headphone_store,3,1,327.0000,1150
1477,cre_Doc_Workflow,3,1,327.0000,1151
1478,conference,3,0,328.0000,1151
1479,boat_1,3,1,328.0000,1152
1480,government_shift,3,0,329.0000,1152
1481,vehicle_rent,3,1,329.0000,1153
1482,aan_1,3,1,329.0000,1154
1483,aan_1,3,1,329.0000,1155
1484,government_shift,3,1,329.0000,1156
1485,video_game,3,1,329.0000,1157
1486,real_estate_rentals,3,0,330.0000,1157
1487,car_road_race,3,1,330.0000,1158
1488,address_1,3,1,330.0000,1159
1489,restaurant_bills,3,1,330.0000,1160
1490,boat_1,3,1,330.0000,1161
1491,university_rank,3,1,330.0000,1162
1492,movie_2,3,0,331.0000,1162
1493,address_1,3,1,331.0000,1163
1494,advertising_agencies,3,1,331.0000,1164
1495,video_game,3,1,331.0000,1165
1496,address_1,3,1,331.0000,1166
1497,book_review,3,1,331.0000,1167
1498,car_racing,3,1,331.0000,1168
1499,vehicle_driver,3,0,332.0000,1168
1500,cre_Doc_Workflow,3,1,332.0000,1169
1501,aan_1,3,1,332.0000,1170
1502,customers_and_orders,3,1,332.0000,1171
1503,advertising_agencies,3,1,332.0000,1172
1504,advertising_agencies,3,1,332.0000,1173
1505,book_press,3,1,332.0000,1174
1506,customers_and_orders,3,1,332.0000,1175
1507,headphone_store,3,1,332.0000,1176
1508,vehicle_driver,3,1,332.0000,1177
1509,club_leader,3,1,332.0000,1178
1510,cre_Students_Information_Systems,3,1,332.0000,1179
1511,cre_Students_Information_Systems,3,1,332.0000,1180
1512,real_estate_rentals,3,0,333.0000,1180
1513,real_estate_rentals,3,1,333.0000,1181
1514,cre_Doc_and_collections,3,1,333.0000,1182
1515,book_1,3,1,333.0000,1183
1516,warehouse_1,3,1,333.0000,1184
1517,bbc_channels,3,1,333.0000,1185
1518,advertising_agencies,3,1,333.0000,1186
1519,e_commerce,3,0,334.0000,1186
1520,advertising_agencies,3,1,334.0000,1187
1521,warehouse_1,3,0,335.0000,1187
1522,cre_Students_Information_Systems,3,0,336.0000,1187
1523,aan_1,3,0,337.0000,1187
1524,cre_Doc_and_collections,3,0,338.0000,1187
1525,planet_1,3,1,338.0000,1188
1526,book_1,3,1,338.0000,1189
1527,advertising_agencies,3,1,338.0000,1190
1528,boat_1,3,1,338.0000,1191
1529,art_1,3,0,339.0000,1191
1530,planet_1,3,1,339.0000,1192
1531,aan_1,3,1,339.0000,1193
1532,address_1,3,1,339.0000,1194
1533,sing_contest,3,1,339.0000,1195
1534,advertising_agencies,3,0,340.0000,1195
1535,university_rank,3,1,340.0000,1196
1536,club_leader,3,1,340.0000,1197
1537,car_racing,3,1,340.0000,1198
1538,club_leader,3,1,340.0000,1199
1539,cre_Doc_Workflow,3,1,340.0000,1200
1540,e_commerce,3,1,340.0000,1201
1541,conference,3,1,340.0000,1202
1542,book_1,3,1,340.0000,1203
1543,aan_1,3,0,341.0000,1203
1544,real_estate_rentals,3,0,342.0000,1203
1545,video_game,3,1,342.0000,1204
1546,headphone_store,3,1,342.0000,1205
1547,cre_Doc_and_collections,3,1,342.0000,1206
1548,district_spokesman,3,1,342.0000,1207
1549,vehicle_rent,3,1,342.0000,1208
1550,cre_Doc_and_collections,3,1,342.0000,1209
1551,district_spokesman,3,1,342.0000,1210
1552,warehouse_1,3,1,342.0000,1211
1553,boat_1,3,1,342.0000,1212
1554,art_1,3,0,343.0000,1212
1555,planet_1,3,1,343.0000,1213
1556,address_1,3,0,344.0000,1213
1557,pilot_1,3,1,344.0000,1214
1558,vehicle_rent,3,0,345.0000,1214
1559,warehouse_1,3,1,345.0000,1215
1560,vehicle_driver,3,0,346.0000,1215
1561,tv_shows,3,1,346.0000,1216
1562,restaurant_bills,3,1,346.0000,1217
1563,advertising_agencies,3,1,346.0000,1218
1564,aan_1,3,0,347.0000,1218
1565,university_rank,3,1,347.0000,1219
1566,online_exams,3,1,347.0000,1220
1567,restaurant_bills,3,1,347.0000,1221
1568,customers_and_orders,3,1,347.0000,1222
1569,planet_1,3,1,347.0000,1223
1570,book_1,3,1,347.0000,1224
1571,region_building,3,1,347.0000,1225
1572,district_spokesman,3,1,347.0000,1226
1573,bakery_1,3,0,348.0000,1226
1574,book_press,3,0,349.0000,1226
1575,district_spokesman,3,1,349.0000,1227
1576,cre_Doc_Workflow,3,1,349.0000,1228
1577,headphone_store,3,0,350.0000,1228
1578,warehouse_1,3,0,351.0000,1228
1579,warehouse_1,3,1,351.0000,1229
1580,movie_2,3,1,351.0000,1230
1581,real_estate_rentals,3,0,352.0000,1230
1582,bakery_1,3,1,352.0000,1231
1583,book_1,3,1,352.0000,1232
1584,restaurant_bills,3,1,352.0000,1233
1585,online_exams,3,1,352.0000,1234
1586,customers_and_orders,3,1,352.0000,1235
1587,soccer_3,3,1,352.0000,1236
1588,institution_sports,3,1,352.0000,1237
1589,movie_2,3,1,352.0000,1238
1590,planet_1,3,0,353.0000,1238
1591,pilot_1,3,1,353.0000,1239
1592,headphone_store,3,1,353.0000,1240
1593,country_language,3,1,353.0000,1241
1594,warehouse_1,3,1,353.0000,1242
1595,real_estate_rentals,3,0,354.0000,1242
1596,cre_Doc_and_collections,3,0,355.0000,1242
1597,address_1,3,1,355.0000,1243
1598,art_1,3,0,356.0000,1243
1599,region_building,3,1,356.0000,1244
1600,art_1,3,0,357.0000,1244
1601,club_leader,3,1,357.0000,1245
1602,address_1,3,1,357.0000,1246
1603,tv_shows,3,1,357.0000,1247
1604,aan_1,3,0,358.0000,1247
1605,car_racing,3,1,358.0000,1248
1606,movie_2,3,0,359.0000,1248
1607,cre_Students_Information_Systems,3,1,359.0000,1249
1608,book_1,3,1,359.0000,1250
1609,planet_1,3,1,359.0000,1251
1610,pilot_1,3,1,359.0000,1252
1611,bakery_1,3,1,359.0000,1253
1612,institution_sports,3,1,359.0000,1254
1613,real_estate_rentals,3,1,359.0000,1255
1614,book_1,3,1,359.0000,1256
1615,e_commerce,3,0,360.0000,1256
1616,vehicle_rent,3,1,360.0000,1257
1617,country_language,3,1,360.0000,1258
1618,conference,3,1,360.0000,1259
1619,video_game,3,1,360.0000,1260
1620,aan_1,3,0,361.0000,1260
1621,aan_1,3,1,361.0000,1261
1622,car_racing,3,1,361.0000,1262
1623,planet_1,3,0,362.0000,1262
1624,institution_sports,3,1,362.0000,1263
1625,cre_Doc_and_collections,3,1,362.0000,1264
1626,cre_Doc_Workflow,3,1,362.0000,1265
1627,planet_1,3,1,362.0000,1266
1628,cre_Doc_Workflow,3,1,362.0000,1267
1629,advertising_agencies,3,1,362.0000,1268
1630,video_game,3,1,362.0000,1269
1631,book_1,3,1,362.0000,1270
1632,art_1,3,1,362.0000,1271
1633,advertising_agencies,3,1,362.0000,1272
1634,vehicle_driver,3,1,362.0000,1273
1635,book_review,3,1,362.0000,1274
1636,movie_2,3,0,363.0000,1274
1637,vehicle_driver,3,1,363.0000,1275
1638,address_1,3,1,363.0000,1276
1639,e_commerce,3,1,363.0000,1277
1640,cre_Students_Information_Systems,3,0,364.0000,1277
1641,headphone_store,3,1,364.0000,1278
1642,movie_2,3,0,365.0000,1278
1643,planet_1,3,1,365.0000,1279
1644,customers_and_orders,3,1,365.0000,1280
1645,vehicle_rent,3,1,365.0000,1281
1646,video_game,3,1,365.0000,1282
1647,vehicle_driver,3,1,365.0000,1283
1648,address_1,3,1,365.0000,1284
1649,book_1,3,1,365.0000,1285
1650,book_1,3,1,365.0000,1286
1651,cre_Students_Information_Systems,3,0,366.0000,1286
1652,movie_2,3,1,366.0000,1287
1653,aan_1,3,0,367.0000,1287
1654,vehicle_driver,3,1,367.0000,1288
1655,warehouse_1,3,0,368.0000,1288
1656,restaurant_bills,3,1,368.0000,1289
1657,warehouse_1,3,1,368.0000,1290
1658,cre_Students_Information_Systems,3,1,368.0000,1291
1659,art_1,3,1,368.0000,1292
1660,aan_1,3,1,368.0000,1293
1661,customers_and_orders,3,0,369.0000,1293
1662,book_press,3,0,370.0000,1293
1663,conference,3,1,370.0000,1294
1664,e_commerce,3,1,370.0000,1295
1665,advertising_agencies,3,1,370.0000,1296
1666,car_road_race,3,1,370.0000,1297
1667,university_rank,3,1,370.0000,1298
1668,boat_1,3,1,370.0000,1299
1669,bakery_1,3,1,370.0000,1300
1670,boat_1,3,0,371.0000,1300
1671,vehicle_driver,3,1,371.0000,1301
1672,bakery_1,3,1,371.0000,1302
1673,movie_2,3,0,372.0000,1302
1674,government_shift,3,1,372.0000,1303
1675,art_1,3,1,372.0000,1304
1676,country_language,3,1,372.0000,1305
1677,cre_Doc_and_collections,3,0,373.0000,1305
1678,e_commerce,3,1,373.0000,1306
1679,movie_2,3,0,374.0000,1306
1680,bakery_1,3,1,374.0000,1307
1681,car_racing,3,1,374.0000,1308
1682,advertising_agencies,3,1,374.0000,1309
1683,book_1,3,1,374.0000,1310
1684,advertising_agencies,3,1,374.0000,1311
1685,boat_1,3,1,374.0000,1312
1686,government_shift,3,1,374.0000,1313
1687,pilot_1,3,1,374.0000,1314
1688,car_racing,3,1,374.0000,1315
1689,art_1,3,0,375.0000,1315
1690,book_1,3,1,375.0000,1316
1691,address_1,3,1,375.0000,1317
1692,vehicle_rent,3,0,376.0000,1317
1693,district_spokesman,3,0,377.0000,1317
1694,pilot_1,3,1,377.0000,1318
1695,planet_1,3,1,377.0000,1319
1696,warehouse_1,3,0,378.0000,1319
1697,car_road_race,3,1,378.0000,1320
1698,online_exams,3,1,378.0000,1321
1699,art_1,3,1,378.0000,1322
1700,bakery_1,3,1,378.0000,1323
1701,customers_and_orders,3,1,378.0000,1324
1702,institution_sports,3,1,378.0000,1325
1703,conference,3,1,378.0000,1326
1704,address_1,3,1,378.0000,1327
1705,customers_and_orders,3,1,378.0000,1328
1706,sing_contest,3,1,378.0000,1329
1707,vehicle_rent,3,1,378.0000,1330
1708,e_commerce,3,1,378.0000,1331
1709,country_language,3,1,378.0000,1332
1710,warehouse_1,3,0,379.0000,1332
1711,advertising_agencies,3,1,379.0000,1333
1712,warehouse_1,3,1,379.0000,1334
1713,online_exams,3,1,379.0000,1335
1714,book_press,3,0,380.0000,1335
1715,bakery_1,3,0,381.0000,1335
1716,e_commerce,3,1,381.0000,1336
1717,warehouse_1,3,1,381.0000,1337
1718,planet_1,3,1,381.0000,1338
1719,art_1,3,0,382.0000,1338
1720,art_1,3,1,382.0000,1339
1721,video_game,3,1,382.0000,1340
1722,cre_Students_Information_Systems,3,0,383.0000,1340
1723,art_1,3,0,384.0000,1340
1724,address_1,3,1,384.0000,1341
1725,university_rank,3,1,384.0000,1342
1726,government_shift,3,1,384.0000,1343
1727,pilot_1,3,1,384.0000,1344
1728,tv_shows,3,1,384.0000,1345
1729,restaurant_bills,3,1,384.0000,1346
1730,vehicle_rent,3,1,384.0000,1347
1731,headphone_store,3,0,385.0000,1347
1732,region_building,3,1,385.0000,1348
1733,customers_and_orders,3,1,385.0000,1349
1734,aan_1,3,0,386.0000,1349
1735,vehicle_driver,3,1,386.0000,1350
1736,bakery_1,3,0,387.0000,1350
1737,customers_and_orders,3,1,387.0000,1351
1738,cre_Doc_Workflow,3,1,387.0000,1352
1739,cre_Students_Information_Systems,3,1,387.0000,1353
1740,advertising_agencies,3,1,387.0000,1354
1741,warehouse_1,3,0,388.0000,1354
1742,warehouse_1,3,1,388.0000,1355
1743,university_rank,3,1,388.0000,1356
1744,cre_Doc_and_collections,3,1,388.0000,1357
1745,region_building,3,1,388.0000,1358
1746,cre_Students_Information_Systems,3,1,388.0000,1359
1747,advertising_agencies,3,1,388.0000,1360
1748,bakery_1,3,0,389.0000,1360
1749,real_estate_rentals,3,1,389.0000,1361
1750,real_estate_rentals,3,1,389.0000,1362
1751,headphone_store,3,1,389.0000,1363
1752,art_1,3,1,389.0000,1364
1753,headphone_store,3,1,389.0000,1365
1754,customers_and_orders,3,1,389.0000,1366
1755,institution_sports,3,1,389.0000,1367
1756,address_1,3,1,389.0000,1368
1757,book_review,3,1,389.0000,1369
1758,real_estate_rentals,3,1,389.0000,1370
1759,address_1,3,1,389.0000,1371
1760,aan_1,3,0,390.0000,1371
1761,book_1,3,1,390.0000,1372
1762,book_review,3,1,390.0000,1373
1763,university_rank,3,1,390.0000,1374
1764,bakery_1,3,0,391.0000,1374
1765,pilot_1,3,1,391.0000,1375
1766,vehicle_rent,3,1,391.0000,1376
1767,car_road_race,3,1,391.0000,1377
1768,pilot_1,3,1,391.0000,1378
1769,cre_Doc_Workflow,3,1,391.0000,1379
1770,boat_1,3,1,391.0000,1380
1771,warehouse_1,3,1,391.0000,1381
1772,cre_Students_Information_Systems,3,0,392.0000,1381
1773,cre_Doc_Workflow,3,0,393.0000,1381
1774,cre_Students_Information_Systems,3,1,393.0000,1382
1775,online_exams,3,1,393.0000,1383
1776,conference,3,1,393.0000,1384
1777,headphone_store,3,1,393.0000,1385
1778,planet_1,3,1,393.0000,1386
1779,movie_2,3,0,394.0000,1386
1780,government_shift,3,0,395.0000,1386
1781,art_1,3,1,395.0000,1387
1782,movie_2,3,1,395.0000,1388
1783,aan_1,3,0,396.0000,1388
1784,headphone_store,3,1,396.0000,1389
1785,aan_1,3,0,397.0000,1389
1786,government_shift,3,1,397.0000,1390
1787,movie_2,3,0,398.0000,1390
1788,real_estate_rentals,3,1,398.0000,1391
1789,bakery_1,3,0,399.0000,1391
1790,video_game,3,1,399.0000,1392
1791,address_1,3,0,400.0000,1392
1792,warehouse_1,3,1,400.0000,1393
1793,headphone_store,3,0,401.0000,1393
1794,book_1,3,1,401.0000,1394
1795,cre_Students_Information_Systems,3,0,402.0000,1394
1796,cre_Doc_and_collections,3,1,402.0000,1395
1797,soccer_3,3,1,402.0000,1396
1798,district_spokesman,3,1,402.0000,1397
1799,soccer_3,3,1,402.0000,1398
1800,conference,3,1,402.0000,1399
1801,customers_and_orders,3,1,402.0000,1400
1802,art_1,3,0,403.0000,1400
1803,bakery_1,3,1,403.0000,1401
1804,car_road_race,3,1,403.0000,1402
1805,e_commerce,3,0,404.0000,1402
1806,pilot_1,3,1,404.0000,1403
1807,bakery_1,3,1,404.0000,1404
1808,e_commerce,3,1,404.0000,1405
1809,bakery_1,3,1,404.0000,1406
1810,car_racing,3,0,405.0000,1406
1811,country_language,3,1,405.0000,1407
1812,aan_1,3,0,406.0000,1407
1813,planet_1,3,1,406.0000,1408
1814,cre_Doc_and_collections,3,1,406.0000,1409
1815,art_1,3,0,407.0000,1409
1816,boat_1,3,1,407.0000,1410
1817,university_rank,3,1,407.0000,1411
1818,warehouse_1,3,0,408.0000,1411
1819,planet_1,3,1,408.0000,1412
1820,warehouse_1,3,1,408.0000,1413
1821,address_1,3,0,409.0000,1413
1822,book_1,3,1,409.0000,1414
1823,cre_Students_Information_Systems,3,0,410.0000,1414
1824,planet_1,3,0,411.0000,1414
1825,institution_sports,3,0,412.0000,1414
1826,cre_Students_Information_Systems,3,1,412.0000,1415
1827,club_leader,3,1,412.0000,1416
1828,movie_2,3,1,412.0000,1417
1829,pilot_1,3,1,412.0000,1418
1830,aan_1,3,0,413.0000,1418
1831,customers_and_orders,3,1,413.0000,1419
1832,address_1,3,0,414.0000,1419
1833,address_1,3,1,414.0000,1420
1834,car_road_race,3,1,414.0000,1421
1835,bakery_1,3,1,414.0000,1422
1836,art_1,3,1,414.0000,1423
1837,online_exams,3,1,414.0000,1424
1838,customers_and_orders,3,1,414.0000,1425
1839,planet_1,3,1,414.0000,1426
1840,cre_Doc_Workflow,3,1,414.0000,1427
1841,art_1,3,1,414.0000,1428
1842,planet_1,3,1,414.0000,1429
1843,institution_sports,3,1,414.0000,1430
1844,vehicle_driver,3,1,414.0000,1431
1845,movie_2,3,1,414.0000,1432
1846,customers_and_orders,3,1,414.0000,1433
1847,aan_1,3,0,415.0000,1433
1848,movie_2,3,0,416.0000,1433
1849,art_1,3,1,416.0000,1434
1850,sing_contest,3,1,416.0000,1435
1851,e_commerce,3,1,416.0000,1436
1852,cre_Doc_and_collections,3,1,416.0000,1437
1853,pilot_1,3,1,416.0000,1438
1854,bakery_1,3,1,416.0000,1439
1855,art_1,3,0,417.0000,1439
1856,warehouse_1,3,1,417.0000,1440
1857,advertising_agencies,3,1,417.0000,1441
1858,pilot_1,3,0,418.0000,1441
1859,book_1,3,1,418.0000,1442
1860,e_commerce,3,0,419.0000,1442
1861,conference,3,1,419.0000,1443
1862,cre_Students_Information_Systems,3,1,419.0000,1444
1863,boat_1,3,1,419.0000,1445
1864,advertising_agencies,3,1,419.0000,1446
1865,cre_Students_Information_Systems,3,1,419.0000,1447
1866,university_rank,3,1,419.0000,1448
1867,warehouse_1,3,0,420.0000,1448
1868,art_1,3,1,420.0000,1449
1869,address_1,3,0,421.0000,1449
1870,address_1,3,1,421.0000,1450
1871,book_1,3,1,421.0000,1451
1872,book_review,3,1,421.0000,1452
1873,institution_sports,3,1,421.0000,1453
1874,advertising_agencies,3,1,421.0000,1454
1875,bakery_1,3,1,421.0000,1455
1876,book_review,3,1,421.0000,1456
1877,address_1,3,1,421.0000,1457
1878,government_shift,3,1,421.0000,1458
1879,planet_1,3,1,421.0000,1459
1880,bakery_1,3,1,421.0000,1460
1881,book_press,3,1,421.0000,1461
1882,planet_1,3,1,421.0000,1462
1883,art_1,3,0,422.0000,1462
1884,pilot_1,3,1,422.0000,1463
1885,car_road_race,3,1,422.0000,1464
1886,boat_1,3,0,423.0000,1464
1887,real_estate_rentals,3,0,424.0000,1464
1888,car_road_race,3,1,424.0000,1465
1889,vehicle_driver,3,1,424.0000,1466
1890,planet_1,3,1,424.0000,1467
1891,book_1,3,1,424.0000,1468
1892,university_rank,3,1,424.0000,1469
1893,bbc_channels,3,1,424.0000,1470
1894,headphone_store,3,1,424.0000,1471
1895,real_estate_rentals,3,0,425.0000,1471
1896,government_shift,3,1,425.0000,1472
1897,vehicle_driver,3,1,425.0000,1473
1898,cre_Students_Information_Systems,3,1,425.0000,1474
1899,cre_Doc_Workflow,3,1,425.0000,1475
1900,address_1,3,1,425.0000,1476
1901,art_1,3,1,425.0000,1477
1902,vehicle_rent,3,1,425.0000,1478
1903,institution_sports,3,1,425.0000,1479
1904,bakery_1,3,0,426.0000,1479
1905,planet_1,3,1,426.0000,1480
1906,tv_shows,3,1,426.0000,1481
1907,boat_1,3,1,426.0000,1482
1908,customers_and_orders,3,1,426.0000,1483
1909,conference,3,1,426.0000,1484
1910,art_1,3,1,426.0000,1485
1911,soccer_3,3,1,426.0000,1486
1912,vehicle_rent,3,1,426.0000,1487
1913,warehouse_1,3,0,427.0000,1487
1914,aan_1,3,0,428.0000,1487
1915,book_1,3,1,428.0000,1488
1916,address_1,3,1,428.0000,1489
1917,car_road_race,3,1,428.0000,1490
1918,planet_1,3,0,429.0000,1490
1919,warehouse_1,3,1,429.0000,1491
1920,headphone_store,3,0,430.0000,1491
1921,soccer_3,3,1,430.0000,1492
1922,car_road_race,3,1,430.0000,1493
1923,planet_1,3,0,431.0000,1493
1924,cre_Doc_and_collections,3,0,432.0000,1493
1925,bakery_1,3,1,432.0000,1494
1926,bakery_1,3,1,432.0000,1495
1927,district_spokesman,3,1,432.0000,1496
1928,advertising_agencies,3,1,432.0000,1497
1929,address_1,3,1,432.0000,1498
1930,e_commerce,3,1,432.0000,1499
1931,boat_1,3,1,432.0000,1500
1932,region_building,3,1,432.0000,1501
1933,cre_Students_Information_Systems,3,1,432.0000,1502
1934,district_spokesman,3,1,432.0000,1503
1935,country_language,3,1,432.0000,1504
1936,pilot_1,3,1,432.0000,1505
1937,art_1,3,1,432.0000,1506
1938,cre_Students_Information_Systems,3,1,432.0000,1507
1939,aan_1,3,0,433.0000,1507
1940,art_1,3,1,433.0000,1508
1941,vehicle_rent,3,0,434.0000,1508
1942,art_1,3,0,435.0000,1508
1943,conference,3,1,435.0000,1509
1944,region_building,3,1,435.0000,1510
1945,customers_and_orders,3,1,435.0000,1511
1946,aan_1,3,0,436.0000,1511
1947,art_1,3,0,437.0000,1511
1948,video_game,3,1,437.0000,1512
1949,car_racing,3,1,437.0000,1513
1950,bakery_1,3,0,438.0000,1513
1951,pilot_1,3,1,438.0000,1514
1952,art_1,3,1,438.0000,1515
1953,boat_1,3,1,438.0000,1516
1954,sing_contest,3,0,439.0000,1516
1955,government_shift,3,1,439.0000,1517
1956,planet_1,3,1,439.0000,1518
1957,art_1,3,0,440.0000,1518
1958,bakery_1,3,0,441.0000,1518
1959,real_estate_rentals,3,1,441.0000,1519
1960,video_game,3,1,441.0000,1520
1961,conference,3,1,441.0000,1521
1962,customers_and_orders,3,1,441.0000,1522
1963,aan_1,3,1,441.0000,1523
1964,aan_1,3,0,442.0000,1523
1965,address_1,3,1,442.0000,1524
1966,video_game,3,1,442.0000,1525
1967,video_game,3,1,442.0000,1526
1968,bakery_1,3,1,442.0000,1527
1969,vehicle_driver,3,1,442.0000,1528
1970,government_shift,3,1,442.0000,1529
1971,art_1,3,1,442.0000,1530
1972,online_exams,3,1,442.0000,1531
1973,car_racing,3,1,442.0000,1532
1974,warehouse_1,3,0,443.0000,1532
1975,pilot_1,3,1,443.0000,1533
1976,cre_Students_Information_Systems,3,1,443.0000,1534
1977,aan_1,3,0,444.0000,1534
1978,cre_Doc_and_collections,3,0,445.0000,1534
1979,book_1,3,1,445.0000,1535
1980,district_spokesman,3,1,445.0000,1536
1981,boat_1,3,1,445.0000,1537
1982,online_exams,3,1,445.0000,1538
1983,region_building,3,0,446.0000,1538
1984,cre_Students_Information_Systems,3,1,446.0000,1539
1985,art_1,3,1,446.0000,1540
1986,e_commerce,3,0,447.0000,1540
1987,car_racing,3,0,448.0000,1540
1988,bakery_1,3,0,449.0000,1540
1989,government_shift,3,1,449.0000,1541
1990,art_1,3,1,449.0000,1542
1991,bakery_1,3,1,449.0000,1543
1992,car_racing,3,1,449.0000,1544
1993,advertising_agencies,3,1,449.0000,1545
1994,vehicle_rent,3,1,449.0000,1546
1995,address_1,3,1,449.0000,1547
1996,cre_Doc_Workflow,3,1,449.0000,1548
1997,aan_1,3,1,449.0000,1549
1998,aan_1,3,0,450.0000,1549
1999,pilot_1,3,1,450.0000,1550
2000,book_1,3,1,450.0000,1551
2001,bakery_1,3,1,450.0000,1552
2002,cre_Students_Information_Systems,3,1,450.0000,1553
2003,region_building,3,1,450.0000,1554
2004,e_commerce,3,1,450.0000,1555
2005,boat_1,3,1,450.0000,1556
2006,cre_Doc_Workflow,3,0,451.0000,1556
2007,aan_1,3,1,451.0000,1557
2008,country_language,3,1,451.0000,1558
2009,planet_1,3,1,451.0000,1559
2010,address_1,3,1,451.0000,1560
2011,address_1,3,1,451.0000,1561
2012,real_estate_rentals,3,1,451.0000,1562
2013,real_estate_rentals,3,1,451.0000,1563
2014,book_1,3,1,451.0000,1564
2015,soccer_3,3,1,451.0000,1565
2016,real_estate_rentals,3,0,452.0000,1565
2017,government_shift,3,1,452.0000,1566
2018,cre_Doc_and_collections,3,1,452.0000,1567
2019,bike_racing,3,0,453.0000,1567
2020,cre_Students_Information_Systems,3,1,453.0000,1568
2021,planet_1,3,1,453.0000,1569
2022,institution_sports,3,1,453.0000,1570
2023,restaurant_bills,3,1,453.0000,1571
2024,art_1,3,1,453.0000,1572
2025,country_language,3,0,454.0000,1572
2026,restaurant_bills,3,1,454.0000,1573
2027,planet_1,3,0,455.0000,1573
2028,vehicle_rent,3,1,455.0000,1574
2029,cre_Students_Information_Systems,3,1,455.0000,1575
2030,e_commerce,3,1,455.0000,1576
2031,cre_Doc_Workflow,3,1,455.0000,1577
2032,address_1,3,1,455.0000,1578
2033,vehicle_rent,3,1,455.0000,1579
2034,country_language,3,0,456.0000,1579
2035,customers_and_orders,3,1,456.0000,1580
2036,boat_1,3,1,456.0000,1581
2037,cre_Students_Information_Systems,3,1,456.0000,1582
2038,conference,3,1,456.0000,1583
2039,car_racing,3,1,456.0000,1584
2040,country_language,3,1,456.0000,1585
2041,bakery_1,3,1,456.0000,1586
2042,art_1,3,0,457.0000,1586
2043,cre_Doc_and_collections,3,0,458.0000,1586
2044,e_commerce,3,1,458.0000,1587
2045,pilot_1,3,1,458.0000,1588
2046,boat_1,3,1,458.0000,1589
2047,real_estate_rentals,3,1,458.0000,1590
2048,advertising_agencies,3,0,459.0000,1590
2049,book_1,3,1,459.0000,1591
2050,real_estate_rentals,3,0,460.0000,1591
2051,e_commerce,3,1,460.0000,1592
2052,country_language,3,1,460.0000,1593
2053,advertising_agencies,3,1,460.0000,1594
2054,aan_1,3,1,460.0000,1595
2055,region_building,3,1,460.0000,1596
2056,headphone_store,3,0,461.0000,1596
2057,book_1,3,1,461.0000,1597
2058,cre_Doc_and_collections,3,1,461.0000,1598
2059,bakery_1,3,1,461.0000,1599
2060,soccer_3,3,1,461.0000,1600
2061,car_racing,3,1,461.0000,1601
2062,cre_Students_Information_Systems,3,0,462.0000,1601
2063,car_road_race,3,1,462.0000,1602
2064,boat_1,3,1,462.0000,1603
2065,real_estate_rentals,3,0,463.0000,1603
2066,car_road_race,3,1,463.0000,1604
2067,country_language,3,1,463.0000,1605
2068,bakery_1,3,1,463.0000,1606
2069,car_road_race,3,1,463.0000,1607
2070,district_spokesman,3,1,463.0000,1608
2071,boat_1,3,1,463.0000,1609
2072,customers_and_orders,3,1,463.0000,1610
2073,car_racing,3,1,463.0000,1611
2074,warehouse_1,3,1,463.0000,1612
2075,movie_2,3,1,463.0000,1613
2076,cre_Doc_Workflow,3,1,463.0000,1614
2077,e_commerce,3,1,463.0000,1615
2078,bakery_1,3,1,463.0000,1616
2079,cre_Doc_and_collections,3,0,464.0000,1616
2080,car_racing,3,1,464.0000,1617
2081,art_1,3,1,464.0000,1618
2082,aan_1,3,1,464.0000,1619
2083,book_press,3,0,465.0000,1619
2084,bakery_1,3,0,466.0000,1619
2085,bakery_1,3,1,466.0000,1620
2086,customers_and_orders,3,0,467.0000,1620
2087,customers_and_orders,3,1,467.0000,1621
2088,region_building,3,1,467.0000,1622
2089,book_press,3,1,467.0000,1623
2090,art_1,3,1,467.0000,1624
2091,e_commerce,3,1,467.0000,1625
2092,e_commerce,3,1,467.0000,1626
2093,vehicle_rent,3,1,467.0000,1627
2094,cre_Doc_and_collections,3,1,467.0000,1628
2095,institution_sports,3,1,467.0000,1629
2096,book_1,3,1,467.0000,1630
2097,cre_Doc_and_collections,3,0,468.0000,1630
2098,cre_Doc_and_collections,3,1,468.0000,1631
2099,bakery_1,3,1,468.0000,1632
2100,e_commerce,3,1,468.0000,1633
2101,institution_sports,3,1,468.0000,1634
2102,vehicle_driver,3,1,468.0000,1635
2103,bakery_1,3,1,468.0000,1636
2104,cre_Students_Information_Systems,3,1,468.0000,1637
2105,restaurant_bills,3,1,468.0000,1638
2106,customers_and_orders,3,1,468.0000,1639
2107,book_press,3,1,468.0000,1640
2108,book_1,3,1,468.0000,1641
2109,conference,3,1,468.0000,1642
2110,conference,3,1,468.0000,1643
2111,movie_2,3,1,468.0000,1644
2112,book_1,3,1,468.0000,1645
2113,video_game,3,1,468.0000,1646
2114,art_1,3,1,468.0000,1647
2115,aan_1,3,1,468.0000,1648
2116,bakery_1,3,1,468.0000,1649
2117,address_1,3,0,469.0000,1649
2118,pilot_1,3,1,469.0000,1650
2119,warehouse_1,3,1,469.0000,1651
2120,aan_1,3,0,470.0000,1651
2121,book_1,3,1,470.0000,1652
2122,sing_contest,3,0,471.0000,1652
2123,aan_1,3,1,471.0000,1653
2124,art_1,3,1,471.0000,1654
2125,advertising_agencies,3,1,471.0000,1655
2126,customers_and_orders,3,1,471.0000,1656
2127,customers_and_orders,3,0,472.0000,1656
2128,book_press,3,0,473.0000,1656
2129,region_building,3,1,473.0000,1657
2130,vehicle_driver,3,1,473.0000,1658
2131,advertising_agencies,3,1,473.0000,1659
2132,cre_Doc_and_collections,3,1,473.0000,1660
2133,e_commerce,3,0,474.0000,1660
2134,customers_and_orders,3,1,474.0000,1661
2135,cre_Doc_and_collections,3,1,474.0000,1662
2136,planet_1,3,1,474.0000,1663
2137,pilot_1,3,1,474.0000,1664
2138,sing_contest,3,1,474.0000,1665
2139,boat_1,3,1,474.0000,1666
2140,vehicle_rent,3,0,475.0000,1666
2141,cre_Students_Information_Systems,3,1,475.0000,1667
2142,bakery_1,3,0,476.0000,1667
2143,cre_Doc_and_collections,3,1,476.0000,1668
2144,bakery_1,3,1,476.0000,1669
2145,car_racing,3,1,476.0000,1670
2146,institution_sports,3,1,476.0000,1671
