step,problem_id,db_id,correct,cumulative_regret
0,0,warehouse_1,0,1.0000
1,1,book_1,1,1.0000
2,2,vehicle_driver,1,1.0000
3,3,vehicle_rent,1,1.0000
4,4,book_review,1,1.0000
5,5,e_commerce,0,2.0000
6,6,book_review,1,2.0000
7,7,book_1,1,2.0000
8,8,cre_Doc_Workflow,1,2.0000
9,9,art_1,0,3.0000
10,10,soccer_3,1,3.0000
11,11,book_review,0,4.0000
12,12,book_press,1,4.0000
13,13,movie_2,1,4.0000
14,14,book_review,1,4.0000
15,15,real_estate_rentals,0,5.0000
16,16,advertising_agencies,1,5.0000
17,17,university_rank,1,5.0000
18,18,pilot_1,0,6.0000
19,19,address_1,1,6.0000
20,20,pilot_1,0,7.0000
21,21,video_game,1,7.0000
22,22,cre_Doc_and_collections,1,7.0000
23,23,art_1,1,7.0000
24,24,movie_2,1,7.0000
25,25,pilot_1,1,7.0000
26,26,soccer_3,1,7.0000
27,27,boat_1,1,7.0000
28,28,vehicle_driver,1,7.0000
29,29,pilot_1,1,7.0000
30,30,warehouse_1,1,7.0000
31,31,cre_Doc_and_collections,1,7.0000
32,32,cre_Doc_Workflow,1,7.0000
33,33,university_rank,1,7.0000
34,34,customers_and_orders,1,7.0000
35,35,institution_sports,1,7.0000
36,36,warehouse_1,1,7.0000
37,37,car_racing,1,7.0000
38,38,planet_1,1,7.0000
39,39,country_language,1,7.0000
40,40,art_1,0,8.0000
41,41,government_shift,0,9.0000
42,42,online_exams,1,9.0000
43,43,region_building,1,9.0000
44,44,pilot_1,1,9.0000
45,45,restaurant_bills,1,9.0000
46,46,planet_1,0,10.0000
47,47,art_1,1,10.0000
48,48,advertising_agencies,1,10.0000
49,49,sing_contest,1,10.0000
50,50,university_rank,1,10.0000
51,51,boat_1,0,11.0000
52,52,e_commerce,1,11.0000
53,53,book_review,1,11.0000
54,54,vehicle_rent,1,11.0000
55,55,book_review,1,11.0000
56,56,planet_1,1,11.0000
57,57,cre_Doc_and_collections,1,11.0000
58,58,advertising_agencies,1,11.0000
59,59,movie_2,1,11.0000
60,60,car_road_race,1,11.0000
61,61,bakery_1,0,12.0000
62,62,aan_1,0,13.0000
63,63,car_racing,1,13.0000
64,64,movie_2,0,14.0000
65,65,cre_Students_Information_Systems,0,15.0000
66,66,art_1,1,15.0000
67,67,conference,1,15.0000
68,68,country_language,1,15.0000
69,69,customers_and_orders,1,15.0000
70,70,bakery_1,1,15.0000
71,71,car_road_race,1,15.0000
72,72,cre_Doc_and_collections,0,16.0000
73,73,cre_Doc_and_collections,0,17.0000
74,74,restaurant_bills,0,18.0000
75,75,boat_1,1,18.0000
76,76,bakery_1,1,18.0000
77,77,government_shift,0,19.0000
78,78,book_review,1,19.0000
79,79,country_language,1,19.0000
80,80,bakery_1,0,20.0000
81,81,movie_2,0,21.0000
82,82,art_1,1,21.0000
83,83,advertising_agencies,1,21.0000
84,84,advertising_agencies,0,22.0000
85,85,car_racing,1,22.0000
86,86,vehicle_rent,1,22.0000
87,87,advertising_agencies,1,22.0000
88,88,cre_Doc_and_collections,1,22.0000
89,89,boat_1,1,22.0000
90,90,soccer_3,1,22.0000
91,91,country_language,1,22.0000
92,92,cre_Doc_and_collections,0,23.0000
93,93,e_commerce,0,24.0000
94,94,car_racing,1,24.0000
95,95,real_estate_rentals,0,25.0000
96,96,customers_and_orders,1,25.0000
97,97,book_review,1,25.0000
98,98,book_press,0,26.0000
99,99,planet_1,1,26.0000
100,100,e_commerce,1,26.0000
101,101,e_commerce,1,26.0000
102,102,boat_1,0,27.0000
103,103,cre_Students_Information_Systems,0,28.0000
104,104,club_leader,1,28.0000
105,105,aan_1,0,29.0000
106,106,boat_1,1,29.0000
107,107,customers_and_orders,1,29.0000
108,108,art_1,1,29.0000
109,109,advertising_agencies,1,29.0000
110,110,address_1,1,29.0000
111,111,art_1,1,29.0000
112,112,country_language,1,29.0000
113,113,car_racing,1,29.0000
114,114,soccer_3,1,29.0000
115,115,customers_and_orders,1,29.0000
116,116,online_exams,1,29.0000
117,117,cre_Doc_and_collections,1,29.0000
118,118,book_press,1,29.0000
119,119,book_press,0,30.0000
120,120,car_racing,1,30.0000
121,121,warehouse_1,1,30.0000
122,122,art_1,1,30.0000
123,123,boat_1,1,30.0000
124,124,aan_1,1,30.0000
125,125,e_commerce,0,31.0000
126,126,car_racing,1,31.0000
127,127,warehouse_1,1,31.0000
128,128,planet_1,1,31.0000
129,129,country_language,1,31.0000
130,130,vehicle_driver,0,32.0000
131,131,real_estate_rentals,0,33.0000
132,132,real_estate_rentals,0,34.0000
133,133,cre_Students_Information_Systems,0,35.0000
134,134,real_estate_rentals,0,36.0000
135,135,tv_shows,1,36.0000
136,136,warehouse_1,0,37.0000
137,137,warehouse_1,1,37.0000
138,138,bakery_1,0,38.0000
139,139,book_1,1,38.0000
140,140,cre_Students_Information_Systems,1,38.0000
141,141,aan_1,1,38.0000
142,142,restaurant_bills,1,38.0000
143,143,video_game,1,38.0000
144,144,bakery_1,1,38.0000
145,145,aan_1,1,38.0000
146,146,art_1,1,38.0000
147,147,movie_2,0,39.0000
148,148,cre_Students_Information_Systems,1,39.0000
149,149,institution_sports,1,39.0000
150,150,e_commerce,0,40.0000
151,151,headphone_store,1,40.0000
152,152,book_1,1,40.0000
153,153,pilot_1,0,41.0000
154,154,art_1,1,41.0000
155,155,bakery_1,1,41.0000
156,156,conference,1,41.0000
157,157,customers_and_orders,1,41.0000
158,158,book_review,1,41.0000
159,159,warehouse_1,0,42.0000
160,160,pilot_1,1,42.0000
161,161,bakery_1,1,42.0000
162,162,cre_Doc_Workflow,1,42.0000
163,163,cre_Doc_and_collections,1,42.0000
164,164,bbc_channels,1,42.0000
165,165,institution_sports,1,42.0000
166,166,online_exams,1,42.0000
167,167,real_estate_rentals,1,42.0000
168,168,region_building,1,42.0000
169,169,region_building,1,42.0000
170,170,real_estate_rentals,0,43.0000
171,171,cre_Students_Information_Systems,1,43.0000
172,172,book_press,1,43.0000
173,173,cre_Doc_Workflow,1,43.0000
174,174,book_press,0,44.0000
175,175,boat_1,0,45.0000
176,176,university_rank,0,46.0000
177,177,club_leader,1,46.0000
178,178,boat_1,1,46.0000
179,179,region_building,1,46.0000
180,180,book_press,0,47.0000
181,181,real_estate_rentals,1,47.0000
182,182,boat_1,1,47.0000
183,183,movie_2,1,47.0000
184,184,institution_sports,0,48.0000
185,185,aan_1,1,48.0000
186,186,bakery_1,0,49.0000
187,187,conference,1,49.0000
188,188,customers_and_orders,1,49.0000
189,189,book_1,1,49.0000
190,190,country_language,1,49.0000
191,191,pilot_1,1,49.0000
192,192,car_road_race,1,49.0000
193,193,book_1,1,49.0000
194,194,real_estate_rentals,1,49.0000
195,195,movie_2,1,49.0000
196,196,book_press,1,49.0000
197,197,warehouse_1,1,49.0000
198,198,warehouse_1,0,50.0000
199,199,bbc_channels,1,50.0000
200,200,cre_Doc_and_collections,0,51.0000
201,201,book_1,1,51.0000
202,202,car_racing,1,51.0000
203,203,restaurant_bills,1,51.0000
204,204,book_review,1,51.0000
205,205,boat_1,0,52.0000
206,206,customers_and_orders,1,52.0000
207,207,warehouse_1,0,53.0000
208,208,bakery_1,1,53.0000
209,209,e_commerce,1,53.0000
210,210,pilot_1,1,53.0000
211,211,car_road_race,1,53.0000
212,212,art_1,1,53.0000
213,213,address_1,0,54.0000
214,214,aan_1,0,55.0000
215,215,art_1,1,55.0000
216,216,real_estate_rentals,1,55.0000
217,217,address_1,0,56.0000
218,218,advertising_agencies,1,56.0000
219,219,cre_Doc_and_collections,0,57.0000
220,220,vehicle_driver,1,57.0000
221,221,art_1,0,58.0000
222,222,cre_Doc_and_collections,1,58.0000
223,223,customers_and_orders,1,58.0000
224,224,institution_sports,1,58.0000
225,225,art_1,1,58.0000
226,226,pilot_1,1,58.0000
227,227,bakery_1,1,58.0000
228,228,boat_1,1,58.0000
229,229,sing_contest,1,58.0000
230,230,aan_1,1,58.0000
231,231,cre_Doc_and_collections,1,58.0000
232,232,e_commerce,0,59.0000
233,233,planet_1,1,59.0000
234,234,advertising_agencies,1,59.0000
235,235,bike_racing,1,59.0000
236,236,cre_Students_Information_Systems,1,59.0000
237,237,bakery_1,1,59.0000
238,238,video_game,1,59.0000
239,239,pilot_1,0,60.0000
240,240,movie_2,1,60.0000
241,241,bike_racing,0,61.0000
242,242,country_language,1,61.0000
243,243,soccer_3,1,61.0000
244,244,customers_and_orders,1,61.0000
245,245,club_leader,0,62.0000
246,246,bakery_1,1,62.0000
247,247,art_1,1,62.0000
248,248,aan_1,0,63.0000
249,249,bike_racing,1,63.0000
250,250,advertising_agencies,1,63.0000
251,251,art_1,1,63.0000
252,252,book_1,0,64.0000
253,253,address_1,1,64.0000
254,254,boat_1,0,65.0000
255,255,car_road_race,1,65.0000
256,256,pilot_1,1,65.0000
257,257,district_spokesman,1,65.0000
258,258,boat_1,1,65.0000
259,259,soccer_3,1,65.0000
260,260,car_road_race,1,65.0000
261,261,real_estate_rentals,1,65.0000
262,262,cre_Doc_and_collections,0,66.0000
263,263,book_1,1,66.0000
264,264,planet_1,1,66.0000
265,265,pilot_1,1,66.0000
266,266,headphone_store,1,66.0000
267,267,car_racing,1,66.0000
268,268,car_road_race,1,66.0000
269,269,pilot_1,1,66.0000
270,270,bakery_1,1,66.0000
271,271,art_1,1,66.0000
272,272,pilot_1,0,67.0000
273,273,address_1,1,67.0000
274,274,warehouse_1,0,68.0000
275,275,headphone_store,1,68.0000
276,276,boat_1,1,68.0000
277,277,vehicle_rent,1,68.0000
278,278,government_shift,0,69.0000
279,279,aan_1,1,69.0000
280,280,university_rank,1,69.0000
281,281,planet_1,1,69.0000
282,282,video_game,1,69.0000
283,283,aan_1,1,69.0000
284,284,customers_and_orders,1,69.0000
285,285,institution_sports,1,69.0000
286,286,conference,1,69.0000
287,287,advertising_agencies,1,69.0000
288,288,bakery_1,0,70.0000
289,289,boat_1,1,70.0000
290,290,bike_racing,1,70.0000
291,291,e_commerce,1,70.0000
292,292,book_review,1,70.0000
293,293,planet_1,0,71.0000
294,294,cre_Doc_and_collections,0,72.0000
295,295,video_game,1,72.0000
296,296,vehicle_driver,1,72.0000
297,297,warehouse_1,1,72.0000
298,298,soccer_3,1,72.0000
299,299,cre_Doc_and_collections,1,72.0000
300,300,bakery_1,0,73.0000
301,301,region_building,1,73.0000
302,302,planet_1,0,74.0000
303,303,institution_sports,1,74.0000
304,304,e_commerce,1,74.0000
305,305,movie_2,1,74.0000
306,306,real_estate_rentals,1,74.0000
307,307,advertising_agencies,1,74.0000
308,308,boat_1,1,74.0000
309,309,institution_sports,0,75.0000
310,310,address_1,1,75.0000
311,311,advertising_agencies,1,75.0000
312,312,institution_sports,1,75.0000
313,313,warehouse_1,0,76.0000
314,314,customers_and_orders,1,76.0000
315,315,art_1,1,76.0000
316,316,pilot_1,1,76.0000
317,317,restaurant_bills,1,76.0000
318,318,tv_shows,1,76.0000
319,319,aan_1,0,77.0000
320,320,boat_1,1,77.0000
321,321,book_1,1,77.0000
322,322,art_1,0,78.0000
323,323,university_rank,1,78.0000
324,324,cre_Doc_and_collections,0,79.0000
325,325,video_game,1,79.0000
326,326,address_1,0,80.0000
327,327,video_game,1,80.0000
328,328,vehicle_driver,1,80.0000
329,329,aan_1,0,81.0000
330,330,movie_2,0,82.0000
331,331,boat_1,1,82.0000
332,332,car_road_race,0,83.0000
333,333,advertising_agencies,1,83.0000
334,334,e_commerce,1,83.0000
335,335,country_language,1,83.0000
336,336,bike_racing,1,83.0000
337,337,cre_Students_Information_Systems,1,83.0000
338,338,art_1,1,83.0000
339,339,movie_2,0,84.0000
340,340,bakery_1,0,85.0000
341,341,planet_1,0,86.0000
342,342,soccer_3,1,86.0000
343,343,government_shift,1,86.0000
344,344,cre_Students_Information_Systems,1,86.0000
345,345,cre_Doc_Workflow,1,86.0000
346,346,e_commerce,1,86.0000
347,347,cre_Doc_and_collections,1,86.0000
348,348,aan_1,0,87.0000
349,349,bakery_1,1,87.0000
350,350,cre_Doc_Workflow,1,87.0000
351,351,e_commerce,1,87.0000
352,352,customers_and_orders,1,87.0000
353,353,online_exams,1,87.0000
354,354,warehouse_1,1,87.0000
355,355,pilot_1,1,87.0000
356,356,soccer_3,1,87.0000
357,357,video_game,1,87.0000
358,358,movie_2,1,87.0000
359,359,e_commerce,1,87.0000
360,360,real_estate_rentals,1,87.0000
361,361,country_language,1,87.0000
362,362,cre_Students_Information_Systems,1,87.0000
363,363,bakery_1,0,88.0000
364,364,tv_shows,1,88.0000
365,365,car_racing,1,88.0000
366,366,planet_1,1,88.0000
367,367,tv_shows,1,88.0000
368,368,vehicle_driver,1,88.0000
369,369,customers_and_orders,1,88.0000
370,370,warehouse_1,1,88.0000
371,371,address_1,0,89.0000
372,372,customers_and_orders,1,89.0000
373,373,art_1,1,89.0000
374,374,aan_1,0,90.0000
375,375,planet_1,1,90.0000
376,376,address_1,1,90.0000
377,377,pilot_1,1,90.0000
378,378,advertising_agencies,0,91.0000
379,379,book_1,1,91.0000
380,380,institution_sports,1,91.0000
381,381,real_estate_rentals,1,91.0000
382,382,advertising_agencies,1,91.0000
383,383,advertising_agencies,1,91.0000
384,384,club_leader,0,92.0000
385,385,movie_2,1,92.0000
386,386,sing_contest,1,92.0000
387,387,aan_1,1,92.0000
388,388,aan_1,1,92.0000
389,389,address_1,0,93.0000
390,390,address_1,1,93.0000
391,391,address_1,0,94.0000
392,392,video_game,1,94.0000
393,393,online_exams,1,94.0000
394,394,real_estate_rentals,1,94.0000
395,395,government_shift,1,94.0000
396,396,boat_1,1,94.0000
397,397,bakery_1,1,94.0000
398,398,headphone_store,0,95.0000
399,399,customers_and_orders,1,95.0000
400,400,aan_1,0,96.0000
401,401,bbc_channels,0,97.0000
402,402,boat_1,0,98.0000
403,403,bakery_1,1,98.0000
404,404,planet_1,1,98.0000
405,405,aan_1,1,98.0000
406,406,e_commerce,1,98.0000
407,407,cre_Students_Information_Systems,1,98.0000
408,408,cre_Doc_and_collections,0,99.0000
409,409,real_estate_rentals,0,100.0000
410,410,conference,1,100.0000
411,411,conference,1,100.0000
412,412,pilot_1,1,100.0000
413,413,government_shift,1,100.0000
414,414,advertising_agencies,1,100.0000
415,415,bakery_1,0,101.0000
416,416,cre_Doc_Workflow,1,101.0000
417,417,e_commerce,1,101.0000
418,418,advertising_agencies,1,101.0000
419,419,aan_1,0,102.0000
420,420,planet_1,1,102.0000
421,421,customers_and_orders,1,102.0000
422,422,online_exams,1,102.0000
423,423,planet_1,0,103.0000
424,424,car_racing,1,103.0000
425,425,institution_sports,1,103.0000
426,426,advertising_agencies,1,103.0000
427,427,institution_sports,1,103.0000
428,428,conference,1,103.0000
429,429,government_shift,1,103.0000
430,430,country_language,1,103.0000
431,431,bakery_1,1,103.0000
432,432,cre_Doc_and_collections,1,103.0000
433,433,advertising_agencies,1,103.0000
434,434,pilot_1,0,104.0000
435,435,car_road_race,0,105.0000
436,436,bakery_1,1,105.0000
437,437,pilot_1,1,105.0000
438,438,address_1,1,105.0000
439,439,customers_and_orders,1,105.0000
440,440,headphone_store,1,105.0000
441,441,district_spokesman,1,105.0000
442,442,sing_contest,1,105.0000
443,443,cre_Doc_and_collections,1,105.0000
444,444,institution_sports,1,105.0000
445,445,warehouse_1,1,105.0000
446,446,headphone_store,1,105.0000
447,447,movie_2,0,106.0000
448,448,movie_2,1,106.0000
449,449,book_press,1,106.0000
450,450,pilot_1,1,106.0000
451,451,university_rank,1,106.0000
452,452,customers_and_orders,1,106.0000
453,453,art_1,0,107.0000
454,454,car_road_race,1,107.0000
455,455,real_estate_rentals,0,108.0000
456,456,car_racing,1,108.0000
457,457,region_building,1,108.0000
458,458,aan_1,0,109.0000
459,459,vehicle_driver,1,109.0000
460,460,book_1,0,110.0000
461,461,cre_Doc_and_collections,0,111.0000
462,462,cre_Doc_and_collections,1,111.0000
463,463,boat_1,0,112.0000
464,464,boat_1,1,112.0000
465,465,online_exams,1,112.0000
466,466,headphone_store,1,112.0000
467,467,bike_racing,1,112.0000
468,468,customers_and_orders,1,112.0000
469,469,boat_1,1,112.0000
470,470,vehicle_rent,1,112.0000
471,471,advertising_agencies,1,112.0000
472,472,car_road_race,1,112.0000
473,473,art_1,1,112.0000
474,474,planet_1,0,113.0000
475,475,online_exams,1,113.0000
476,476,video_game,1,113.0000
477,477,customers_and_orders,1,113.0000
478,478,e_commerce,1,113.0000
479,479,soccer_3,1,113.0000
480,480,pilot_1,1,113.0000
481,481,art_1,0,114.0000
482,482,vehicle_rent,1,114.0000
483,483,art_1,0,115.0000
484,484,aan_1,1,115.0000
485,485,headphone_store,0,116.0000
486,486,online_exams,1,116.0000
487,487,club_leader,0,117.0000
488,488,art_1,0,118.0000
489,489,advertising_agencies,1,118.0000
490,490,car_road_race,1,118.0000
491,491,car_racing,1,118.0000
492,492,car_road_race,1,118.0000
493,493,car_racing,1,118.0000
494,494,book_press,1,118.0000
495,495,car_racing,1,118.0000
496,496,customers_and_orders,1,118.0000
497,497,real_estate_rentals,0,119.0000
498,498,planet_1,1,119.0000
499,499,advertising_agencies,1,119.0000
500,500,planet_1,1,119.0000
501,501,region_building,1,119.0000
502,502,planet_1,1,119.0000
503,503,advertising_agencies,1,119.0000
504,504,region_building,1,119.0000
505,505,planet_1,1,119.0000
506,506,warehouse_1,1,119.0000
507,507,pilot_1,1,119.0000
508,508,region_building,1,119.0000
509,509,book_1,1,119.0000
510,510,cre_Students_Information_Systems,0,120.0000
511,511,pilot_1,1,120.0000
512,512,car_road_race,1,120.0000
513,513,warehouse_1,1,120.0000
514,514,movie_2,1,120.0000
515,515,movie_2,1,120.0000
516,516,e_commerce,1,120.0000
517,517,region_building,1,120.0000
518,518,university_rank,1,120.0000
519,519,soccer_3,1,120.0000
520,520,institution_sports,1,120.0000
521,521,e_commerce,1,120.0000
522,522,bakery_1,1,120.0000
523,523,vehicle_rent,1,120.0000
524,524,advertising_agencies,1,120.0000
525,525,cre_Doc_and_collections,1,120.0000
526,526,car_racing,1,120.0000
527,527,headphone_store,1,120.0000
528,528,cre_Doc_and_collections,1,120.0000
529,529,region_building,0,121.0000
530,530,car_racing,1,121.0000
531,531,advertising_agencies,1,121.0000
532,532,art_1,1,121.0000
533,533,online_exams,1,121.0000
534,534,country_language,0,122.0000
535,535,book_1,1,122.0000
536,536,pilot_1,1,122.0000
537,537,tv_shows,1,122.0000
538,538,e_commerce,1,122.0000
539,539,book_press,1,122.0000
540,540,pilot_1,0,123.0000
541,541,university_rank,0,124.0000
542,542,region_building,1,124.0000
543,543,tv_shows,1,124.0000
544,544,movie_2,1,124.0000
545,545,cre_Doc_Workflow,1,124.0000
546,546,warehouse_1,1,124.0000
547,547,car_racing,1,124.0000
548,548,car_racing,1,124.0000
549,549,customers_and_orders,1,124.0000
550,550,tv_shows,1,124.0000
551,551,cre_Students_Information_Systems,1,124.0000
552,552,country_language,1,124.0000
553,553,university_rank,1,124.0000
554,554,art_1,0,125.0000
555,555,book_1,1,125.0000
556,556,aan_1,1,125.0000
557,557,aan_1,1,125.0000
558,558,book_1,1,125.0000
559,559,soccer_3,1,125.0000
560,560,country_language,1,125.0000
561,561,cre_Doc_and_collections,1,125.0000
562,562,planet_1,1,125.0000
563,563,address_1,0,126.0000
564,564,cre_Doc_and_collections,1,126.0000
565,565,bbc_channels,1,126.0000
566,566,customers_and_orders,1,126.0000
567,567,art_1,1,126.0000
568,568,planet_1,0,127.0000
569,569,cre_Students_Information_Systems,1,127.0000
570,570,vehicle_rent,1,127.0000
571,571,car_racing,1,127.0000
572,572,warehouse_1,0,128.0000
573,573,vehicle_driver,1,128.0000
574,574,warehouse_1,0,129.0000
575,575,pilot_1,1,129.0000
576,576,vehicle_driver,1,129.0000
577,577,address_1,1,129.0000
578,578,cre_Doc_and_collections,1,129.0000
579,579,conference,1,129.0000
580,580,conference,0,130.0000
581,581,customers_and_orders,1,130.0000
582,582,cre_Doc_and_collections,1,130.0000
583,583,warehouse_1,1,130.0000
584,584,book_1,1,130.0000
585,585,soccer_3,1,130.0000
586,586,boat_1,1,130.0000
587,587,cre_Doc_and_collections,0,131.0000
588,588,warehouse_1,1,131.0000
589,589,sing_contest,1,131.0000
590,590,university_rank,1,131.0000
591,591,conference,1,131.0000
592,592,video_game,1,131.0000
593,593,planet_1,1,131.0000
594,594,institution_sports,1,131.0000
595,595,pilot_1,0,132.0000
596,596,vehicle_rent,1,132.0000
597,597,art_1,0,133.0000
598,598,planet_1,0,134.0000
599,599,real_estate_rentals,1,134.0000
600,600,soccer_3,1,134.0000
601,601,warehouse_1,0,135.0000
602,602,real_estate_rentals,1,135.0000
603,603,pilot_1,0,136.0000
604,604,e_commerce,1,136.0000
605,605,book_1,1,136.0000
606,606,advertising_agencies,1,136.0000
607,607,vehicle_rent,1,136.0000
608,608,bakery_1,1,136.0000
609,609,book_1,1,136.0000
610,610,government_shift,0,137.0000
611,611,vehicle_rent,1,137.0000
612,612,region_building,1,137.0000
613,613,aan_1,0,138.0000
614,614,book_1,0,139.0000
615,615,customers_and_orders,1,139.0000
616,616,online_exams,1,139.0000
617,617,book_1,1,139.0000
618,618,online_exams,0,140.0000
619,619,cre_Doc_and_collections,1,140.0000
620,620,book_press,0,141.0000
621,621,pilot_1,1,141.0000
622,622,soccer_3,1,141.0000
623,623,aan_1,0,142.0000
624,624,pilot_1,1,142.0000
625,625,pilot_1,0,143.0000
626,626,art_1,0,144.0000
627,627,warehouse_1,1,144.0000
628,628,cre_Students_Information_Systems,0,145.0000
629,629,country_language,1,145.0000
630,630,bakery_1,1,145.0000
631,631,advertising_agencies,1,145.0000
632,632,e_commerce,1,145.0000
633,633,real_estate_rentals,1,145.0000
634,634,bakery_1,1,145.0000
635,635,headphone_store,1,145.0000
636,636,headphone_store,1,145.0000
637,637,cre_Students_Information_Systems,1,145.0000
638,638,region_building,1,145.0000
639,639,pilot_1,1,145.0000
640,640,planet_1,1,145.0000
641,641,real_estate_rentals,0,146.0000
642,642,cre_Doc_and_collections,0,147.0000
643,643,cre_Students_Information_Systems,1,147.0000
644,644,book_1,1,147.0000
645,645,address_1,0,148.0000
646,646,restaurant_bills,1,148.0000
647,647,real_estate_rentals,1,148.0000
648,648,sing_contest,1,148.0000
649,649,pilot_1,1,148.0000
650,650,cre_Doc_Workflow,1,148.0000
651,651,planet_1,0,149.0000
652,652,video_game,1,149.0000
653,653,bbc_channels,1,149.0000
654,654,customers_and_orders,0,150.0000
655,655,planet_1,1,150.0000
656,656,movie_2,1,150.0000
657,657,advertising_agencies,1,150.0000
658,658,art_1,1,150.0000
659,659,government_shift,0,151.0000
660,660,advertising_agencies,1,151.0000
661,661,bakery_1,0,152.0000
662,662,bakery_1,0,153.0000
663,663,warehouse_1,1,153.0000
664,664,aan_1,1,153.0000
665,665,university_rank,1,153.0000
666,666,planet_1,1,153.0000
667,667,movie_2,1,153.0000
668,668,customers_and_orders,1,153.0000
669,669,customers_and_orders,1,153.0000
670,670,warehouse_1,1,153.0000
671,671,e_commerce,0,154.0000
672,672,book_press,1,154.0000
673,673,cre_Doc_and_collections,0,155.0000
674,674,soccer_3,1,155.0000
675,675,government_shift,0,156.0000
676,676,warehouse_1,1,156.0000
677,677,vehicle_driver,0,157.0000
678,678,cre_Doc_Workflow,1,157.0000
679,679,vehicle_driver,1,157.0000
680,680,warehouse_1,1,157.0000
681,681,boat_1,1,157.0000
682,682,warehouse_1,0,158.0000
683,683,book_1,1,158.0000
684,684,conference,0,159.0000
685,685,boat_1,1,159.0000
686,686,cre_Doc_Workflow,1,159.0000
687,687,e_commerce,1,159.0000
688,688,book_1,1,159.0000
689,689,soccer_3,1,159.0000
690,690,conference,1,159.0000
691,691,bakery_1,0,160.0000
692,692,institution_sports,1,160.0000
693,693,real_estate_rentals,0,161.0000
694,694,tv_shows,1,161.0000
695,695,online_exams,1,161.0000
696,696,government_shift,1,161.0000
697,697,vehicle_rent,1,161.0000
698,698,club_leader,0,162.0000
699,699,car_racing,1,162.0000
700,700,cre_Doc_Workflow,1,162.0000
701,701,cre_Doc_Workflow,1,162.0000
702,702,book_1,1,162.0000
703,703,video_game,1,162.0000
704,704,bike_racing,0,163.0000
705,705,region_building,1,163.0000
706,706,boat_1,1,163.0000
707,707,book_1,1,163.0000
708,708,government_shift,0,164.0000
709,709,car_road_race,1,164.0000
710,710,advertising_agencies,1,164.0000
711,711,art_1,1,164.0000
712,712,real_estate_rentals,0,165.0000
713,713,address_1,1,165.0000
714,714,cre_Students_Information_Systems,0,166.0000
715,715,art_1,0,167.0000
716,716,video_game,1,167.0000
717,717,cre_Doc_and_collections,0,168.0000
718,718,e_commerce,1,168.0000
719,719,country_language,1,168.0000
720,720,advertising_agencies,1,168.0000
721,721,customers_and_orders,1,168.0000
722,722,university_rank,1,168.0000
723,723,boat_1,1,168.0000
724,724,e_commerce,1,168.0000
725,725,vehicle_driver,1,168.0000
726,726,conference,1,168.0000
727,727,vehicle_rent,1,168.0000
728,728,car_racing,1,168.0000
729,729,conference,0,169.0000
730,730,book_review,1,169.0000
731,731,bbc_channels,1,169.0000
732,732,pilot_1,1,169.0000
733,733,aan_1,1,169.0000
734,734,pilot_1,0,170.0000
735,735,planet_1,0,171.0000
736,736,university_rank,0,172.0000
737,737,bike_racing,1,172.0000
738,738,boat_1,1,172.0000
739,739,university_rank,0,173.0000
740,740,planet_1,0,174.0000
741,741,aan_1,1,174.0000
742,742,real_estate_rentals,1,174.0000
743,743,university_rank,1,174.0000
744,744,tv_shows,1,174.0000
745,745,district_spokesman,1,174.0000
746,746,pilot_1,1,174.0000
747,747,bbc_channels,1,174.0000
748,748,warehouse_1,1,174.0000
749,749,conference,1,174.0000
750,750,book_1,0,175.0000
751,751,video_game,1,175.0000
752,752,country_language,0,176.0000
753,753,bakery_1,1,176.0000
754,754,customers_and_orders,1,176.0000
755,755,institution_sports,1,176.0000
756,756,cre_Doc_Workflow,1,176.0000
757,757,conference,0,177.0000
758,758,headphone_store,0,178.0000
759,759,customers_and_orders,1,178.0000
760,760,country_language,1,178.0000
761,761,boat_1,1,178.0000
762,762,soccer_3,1,178.0000
763,763,advertising_agencies,1,178.0000
764,764,e_commerce,0,179.0000
765,765,headphone_store,1,179.0000
766,766,advertising_agencies,1,179.0000
767,767,university_rank,1,179.0000
768,768,car_racing,1,179.0000
769,769,bakery_1,1,179.0000
770,770,conference,0,180.0000
771,771,customers_and_orders,1,180.0000
772,772,video_game,1,180.0000
773,773,country_language,1,180.0000
774,774,cre_Students_Information_Systems,1,180.0000
775,775,e_commerce,1,180.0000
776,776,pilot_1,1,180.0000
777,777,cre_Students_Information_Systems,0,181.0000
778,778,art_1,1,181.0000
779,779,warehouse_1,0,182.0000
780,780,restaurant_bills,1,182.0000
781,781,cre_Doc_and_collections,1,182.0000
782,782,customers_and_orders,1,182.0000
783,783,government_shift,1,182.0000
784,784,district_spokesman,1,182.0000
785,785,headphone_store,1,182.0000
786,786,advertising_agencies,1,182.0000
787,787,district_spokesman,1,182.0000
788,788,country_language,1,182.0000
789,789,district_spokesman,1,182.0000
790,790,advertising_agencies,0,183.0000
791,791,address_1,1,183.0000
792,792,cre_Doc_and_collections,0,184.0000
793,793,e_commerce,1,184.0000
794,794,restaurant_bills,1,184.0000
795,795,conference,0,185.0000
796,796,region_building,1,185.0000
797,797,video_game,1,185.0000
798,798,region_building,1,185.0000
799,799,government_shift,1,185.0000
800,800,warehouse_1,0,186.0000
801,801,soccer_3,1,186.0000
802,802,book_press,1,186.0000
803,803,region_building,1,186.0000
804,804,vehicle_driver,1,186.0000
805,805,cre_Doc_and_collections,1,186.0000
806,806,real_estate_rentals,0,187.0000
807,807,planet_1,1,187.0000
808,808,online_exams,1,187.0000
809,809,address_1,1,187.0000
810,810,e_commerce,1,187.0000
811,811,tv_shows,1,187.0000
812,812,vehicle_rent,1,187.0000
813,813,planet_1,1,187.0000
814,814,pilot_1,0,188.0000
815,815,customers_and_orders,0,189.0000
816,816,real_estate_rentals,1,189.0000
817,817,car_racing,0,190.0000
818,818,advertising_agencies,1,190.0000
819,819,e_commerce,1,190.0000
820,820,video_game,1,190.0000
821,821,bike_racing,0,191.0000
822,822,advertising_agencies,0,192.0000
823,823,region_building,1,192.0000
824,824,vehicle_driver,1,192.0000
825,825,vehicle_rent,1,192.0000
826,826,pilot_1,1,192.0000
827,827,bakery_1,1,192.0000
828,828,cre_Students_Information_Systems,1,192.0000
829,829,institution_sports,1,192.0000
830,830,pilot_1,1,192.0000
831,831,government_shift,1,192.0000
832,832,customers_and_orders,1,192.0000
833,833,aan_1,1,192.0000
834,834,cre_Doc_Workflow,1,192.0000
835,835,sing_contest,1,192.0000
836,836,real_estate_rentals,0,193.0000
837,837,vehicle_rent,1,193.0000
838,838,book_1,1,193.0000
839,839,e_commerce,1,193.0000
840,840,headphone_store,1,193.0000
841,841,soccer_3,1,193.0000
842,842,movie_2,0,194.0000
843,843,bakery_1,0,195.0000
844,844,warehouse_1,0,196.0000
845,845,restaurant_bills,1,196.0000
846,846,customers_and_orders,1,196.0000
847,847,country_language,1,196.0000
848,848,art_1,1,196.0000
849,849,book_1,1,196.0000
850,850,address_1,1,196.0000
851,851,online_exams,1,196.0000
852,852,bbc_channels,0,197.0000
853,853,car_road_race,1,197.0000
854,854,boat_1,1,197.0000
855,855,university_rank,1,197.0000
856,856,conference,1,197.0000
857,857,advertising_agencies,1,197.0000
858,858,art_1,0,198.0000
859,859,address_1,1,198.0000
860,860,art_1,0,199.0000
861,861,planet_1,1,199.0000
862,862,address_1,1,199.0000
863,863,address_1,0,200.0000
864,864,pilot_1,0,201.0000
865,865,aan_1,1,201.0000
866,866,aan_1,0,202.0000
867,867,club_leader,1,202.0000
868,868,e_commerce,1,202.0000
869,869,bakery_1,1,202.0000
870,870,vehicle_driver,1,202.0000
871,871,real_estate_rentals,0,203.0000
872,872,book_press,1,203.0000
873,873,vehicle_rent,1,203.0000
874,874,car_road_race,1,203.0000
875,875,customers_and_orders,1,203.0000
876,876,tv_shows,1,203.0000
877,877,e_commerce,1,203.0000
878,878,country_language,1,203.0000
879,879,cre_Students_Information_Systems,1,203.0000
880,880,soccer_3,1,203.0000
881,881,book_press,1,203.0000
882,882,book_1,1,203.0000
883,883,car_racing,1,203.0000
884,884,planet_1,1,203.0000
885,885,cre_Students_Information_Systems,1,203.0000
886,886,cre_Doc_and_collections,1,203.0000
887,887,conference,1,203.0000
888,888,car_racing,1,203.0000
889,889,video_game,0,204.0000
890,890,club_leader,0,205.0000
891,891,vehicle_rent,1,205.0000
892,892,address_1,1,205.0000
893,893,pilot_1,1,205.0000
894,894,address_1,1,205.0000
895,895,car_road_race,1,205.0000
896,896,real_estate_rentals,1,205.0000
897,897,cre_Students_Information_Systems,0,206.0000
898,898,aan_1,1,206.0000
899,899,planet_1,0,207.0000
900,900,advertising_agencies,1,207.0000
901,901,address_1,1,207.0000
902,902,pilot_1,1,207.0000
903,903,book_1,0,208.0000
904,904,book_press,1,208.0000
905,905,car_racing,1,208.0000
906,906,bakery_1,1,208.0000
907,907,district_spokesman,1,208.0000
908,908,online_exams,1,208.0000
909,909,cre_Students_Information_Systems,1,208.0000
910,910,online_exams,0,209.0000
911,911,aan_1,1,209.0000
912,912,online_exams,1,209.0000
913,913,headphone_store,0,210.0000
914,914,institution_sports,1,210.0000
915,915,advertising_agencies,1,210.0000
916,916,car_road_race,1,210.0000
917,917,real_estate_rentals,1,210.0000
918,918,conference,0,211.0000
919,919,address_1,0,212.0000
920,920,customers_and_orders,1,212.0000
921,921,cre_Students_Information_Systems,1,212.0000
922,922,government_shift,0,213.0000
923,923,car_road_race,1,213.0000
924,924,aan_1,0,214.0000
925,925,bakery_1,0,215.0000
926,926,book_1,1,215.0000
927,927,boat_1,1,215.0000
928,928,cre_Doc_and_collections,0,216.0000
929,929,customers_and_orders,1,216.0000
930,930,real_estate_rentals,1,216.0000
931,931,bbc_channels,1,216.0000
932,932,bakery_1,1,216.0000
933,933,book_press,1,216.0000
934,934,e_commerce,1,216.0000
935,935,planet_1,1,216.0000
936,936,headphone_store,1,216.0000
937,937,customers_and_orders,1,216.0000
938,938,advertising_agencies,1,216.0000
939,939,real_estate_rentals,0,217.0000
940,940,country_language,1,217.0000
941,941,e_commerce,0,218.0000
942,942,university_rank,0,219.0000
943,943,university_rank,0,220.0000
944,944,pilot_1,1,220.0000
945,945,cre_Doc_and_collections,1,220.0000
946,946,warehouse_1,0,221.0000
947,947,university_rank,1,221.0000
948,948,book_1,1,221.0000
949,949,planet_1,0,222.0000
950,950,soccer_3,1,222.0000
951,951,address_1,1,222.0000
952,952,online_exams,1,222.0000
953,953,university_rank,1,222.0000
954,954,warehouse_1,1,222.0000
955,955,boat_1,1,222.0000
956,956,restaurant_bills,1,222.0000
957,957,institution_sports,1,222.0000
958,958,sing_contest,1,222.0000
959,959,warehouse_1,1,222.0000
960,960,cre_Students_Information_Systems,1,222.0000
961,961,book_press,1,222.0000
962,962,movie_2,1,222.0000
963,963,aan_1,0,223.0000
964,964,warehouse_1,1,223.0000
965,965,bakery_1,1,223.0000
966,966,headphone_store,1,223.0000
967,967,country_language,1,223.0000
968,968,bbc_channels,1,223.0000
969,969,address_1,1,223.0000
970,970,bakery_1,1,223.0000
971,971,cre_Students_Information_Systems,1,223.0000
972,972,warehouse_1,0,224.0000
973,973,warehouse_1,1,224.0000
974,974,art_1,1,224.0000
975,975,boat_1,1,224.0000
976,976,aan_1,0,225.0000
977,977,vehicle_driver,0,226.0000
978,978,car_road_race,1,226.0000
979,979,vehicle_rent,1,226.0000
980,980,headphone_store,1,226.0000
981,981,cre_Students_Information_Systems,1,226.0000
982,982,online_exams,1,226.0000
983,983,cre_Students_Information_Systems,1,226.0000
984,984,planet_1,1,226.0000
985,985,advertising_agencies,1,226.0000
986,986,e_commerce,0,227.0000
987,987,bakery_1,1,227.0000
988,988,bakery_1,1,227.0000
989,989,book_1,1,227.0000
990,990,art_1,0,228.0000
991,991,planet_1,1,228.0000
992,992,movie_2,1,228.0000
993,993,aan_1,0,229.0000
994,994,district_spokesman,1,229.0000
995,995,bakery_1,1,229.0000
996,996,real_estate_rentals,1,229.0000
997,997,bike_racing,1,229.0000
998,998,cre_Doc_and_collections,1,229.0000
999,999,car_road_race,1,229.0000
1000,1000,art_1,1,229.0000
1001,1001,real_estate_rentals,1,229.0000
1002,1002,cre_Students_Information_Systems,1,229.0000
1003,1003,advertising_agencies,0,230.0000
1004,1004,vehicle_rent,1,230.0000
1005,1005,e_commerce,1,230.0000
1006,1006,boat_1,1,230.0000
1007,1007,movie_2,1,230.0000
1008,1008,customers_and_orders,1,230.0000
1009,1009,art_1,1,230.0000
1010,1010,university_rank,1,230.0000
1011,1011,headphone_store,0,231.0000
1012,1012,bbc_channels,1,231.0000
1013,1013,car_racing,1,231.0000
1014,1014,address_1,1,231.0000
1015,1015,region_building,1,231.0000
1016,1016,pilot_1,1,231.0000
1017,1017,video_game,1,231.0000
1018,1018,art_1,1,231.0000
1019,1019,e_commerce,0,232.0000
1020,1020,bakery_1,1,232.0000
1021,1021,restaurant_bills,1,232.0000
1022,1022,book_press,1,232.0000
1023,1023,book_1,1,232.0000
1024,1024,aan_1,0,233.0000
1025,1025,e_commerce,1,233.0000
1026,1026,car_road_race,1,233.0000
1027,1027,advertising_agencies,1,233.0000
1028,1028,boat_1,1,233.0000
1029,1029,art_1,1,233.0000
1030,1030,bike_racing,1,233.0000
1031,1031,university_rank,1,233.0000
1032,1032,art_1,1,233.0000
1033,1033,art_1,1,233.0000
1034,1034,address_1,1,233.0000
1035,1035,warehouse_1,1,233.0000
1036,1036,vehicle_driver,1,233.0000
1037,1037,address_1,0,234.0000
1038,1038,sing_contest,1,234.0000
1039,1039,cre_Doc_and_collections,1,234.0000
1040,1040,real_estate_rentals,1,234.0000
1041,1041,aan_1,0,235.0000
1042,1042,book_press,1,235.0000
1043,1043,address_1,0,236.0000
1044,1044,cre_Students_Information_Systems,1,236.0000
1045,1045,e_commerce,0,237.0000
1046,1046,e_commerce,1,237.0000
1047,1047,region_building,1,237.0000
1048,1048,vehicle_rent,1,237.0000
1049,1049,restaurant_bills,1,237.0000
1050,1050,cre_Doc_and_collections,1,237.0000
1051,1051,warehouse_1,0,238.0000
1052,1052,aan_1,1,238.0000
1053,1053,cre_Students_Information_Systems,0,239.0000
1054,1054,cre_Doc_and_collections,0,240.0000
1055,1055,bakery_1,0,241.0000
1056,1056,art_1,1,241.0000
1057,1057,sing_contest,1,241.0000
1058,1058,restaurant_bills,1,241.0000
1059,1059,soccer_3,1,241.0000
1060,1060,planet_1,0,242.0000
1061,1061,government_shift,0,243.0000
1062,1062,real_estate_rentals,1,243.0000
1063,1063,cre_Doc_and_collections,1,243.0000
1064,1064,conference,1,243.0000
1065,1065,e_commerce,1,243.0000
1066,1066,boat_1,1,243.0000
1067,1067,video_game,1,243.0000
1068,1068,boat_1,1,243.0000
1069,1069,government_shift,0,244.0000
1070,1070,conference,0,245.0000
1071,1071,e_commerce,1,245.0000
1072,1072,pilot_1,1,245.0000
1073,1073,art_1,0,246.0000
1074,1074,headphone_store,1,246.0000
1075,1075,advertising_agencies,1,246.0000
1076,1076,bbc_channels,0,247.0000
1077,1077,video_game,1,247.0000
1078,1078,conference,1,247.0000
1079,1079,movie_2,0,248.0000
1080,1080,cre_Students_Information_Systems,1,248.0000
1081,1081,bakery_1,1,248.0000
1082,1082,book_1,1,248.0000
1083,1083,bakery_1,0,249.0000
1084,1084,advertising_agencies,1,249.0000
1085,1085,vehicle_driver,0,250.0000
1086,1086,car_racing,1,250.0000
1087,1087,soccer_3,1,250.0000
1088,1088,university_rank,1,250.0000
1089,1089,aan_1,1,250.0000
1090,1090,address_1,1,250.0000
1091,1091,aan_1,1,250.0000
1092,1092,pilot_1,1,250.0000
1093,1093,headphone_store,0,251.0000
1094,1094,e_commerce,1,251.0000
1095,1095,art_1,0,252.0000
1096,1096,book_review,1,252.0000
1097,1097,movie_2,0,253.0000
1098,1098,vehicle_driver,1,253.0000
1099,1099,cre_Students_Information_Systems,1,253.0000
1100,1100,online_exams,1,253.0000
1101,1101,boat_1,1,253.0000
1102,1102,warehouse_1,1,253.0000
1103,1103,cre_Students_Information_Systems,0,254.0000
1104,1104,boat_1,1,254.0000
1105,1105,boat_1,0,255.0000
1106,1106,movie_2,1,255.0000
1107,1107,cre_Doc_Workflow,1,255.0000
1108,1108,advertising_agencies,1,255.0000
1109,1109,advertising_agencies,1,255.0000
1110,1110,boat_1,1,255.0000
1111,1111,cre_Doc_Workflow,1,255.0000
1112,1112,pilot_1,1,255.0000
1113,1113,art_1,0,256.0000
1114,1114,warehouse_1,1,256.0000
1115,1115,customers_and_orders,1,256.0000
1116,1116,real_estate_rentals,0,257.0000
1117,1117,government_shift,0,258.0000
1118,1118,advertising_agencies,1,258.0000
1119,1119,government_shift,1,258.0000
1120,1120,pilot_1,0,259.0000
1121,1121,art_1,1,259.0000
1122,1122,vehicle_driver,1,259.0000
1123,1123,car_road_race,1,259.0000
1124,1124,book_1,1,259.0000
1125,1125,university_rank,1,259.0000
1126,1126,planet_1,1,259.0000
1127,1127,customers_and_orders,1,259.0000
1128,1128,planet_1,1,259.0000
1129,1129,vehicle_driver,0,260.0000
1130,1130,car_road_race,1,260.0000
1131,1131,pilot_1,1,260.0000
1132,1132,cre_Doc_and_collections,0,261.0000
1133,1133,aan_1,0,262.0000
1134,1134,club_leader,1,262.0000
1135,1135,bakery_1,0,263.0000
1136,1136,cre_Students_Information_Systems,0,264.0000
1137,1137,boat_1,1,264.0000
1138,1138,bakery_1,0,265.0000
1139,1139,e_commerce,1,265.0000
1140,1140,art_1,1,265.0000
1141,1141,car_racing,1,265.0000
1142,1142,bakery_1,1,265.0000
1143,1143,car_racing,1,265.0000
1144,1144,art_1,1,265.0000
1145,1145,car_road_race,1,265.0000
1146,1146,customers_and_orders,1,265.0000
1147,1147,car_road_race,1,265.0000
1148,1148,restaurant_bills,1,265.0000
1149,1149,aan_1,1,265.0000
1150,1150,restaurant_bills,1,265.0000
1151,1151,institution_sports,1,265.0000
1152,1152,book_1,1,265.0000
1153,1153,art_1,0,266.0000
1154,1154,video_game,1,266.0000
1155,1155,warehouse_1,1,266.0000
1156,1156,movie_2,1,266.0000
1157,1157,government_shift,1,266.0000
1158,1158,advertising_agencies,1,266.0000
1159,1159,pilot_1,0,267.0000
1160,1160,address_1,1,267.0000
1161,1161,headphone_store,0,268.0000
1162,1162,address_1,1,268.0000
1163,1163,district_spokesman,1,268.0000
1164,1164,book_press,0,269.0000
1165,1165,aan_1,1,269.0000
1166,1166,aan_1,1,269.0000
1167,1167,university_rank,1,269.0000
1168,1168,aan_1,1,269.0000
1169,1169,club_leader,1,269.0000
1170,1170,address_1,0,270.0000
1171,1171,book_press,1,270.0000
1172,1172,customers_and_orders,1,270.0000
1173,1173,book_1,1,270.0000
1174,1174,real_estate_rentals,0,271.0000
1175,1175,cre_Doc_and_collections,1,271.0000
1176,1176,art_1,1,271.0000
1177,1177,region_building,0,272.0000
1178,1178,book_1,0,273.0000
1179,1179,soccer_3,1,273.0000
1180,1180,planet_1,1,273.0000
1181,1181,country_language,0,274.0000
1182,1182,boat_1,1,274.0000
1183,1183,bakery_1,0,275.0000
1184,1184,car_racing,1,275.0000
1185,1185,soccer_3,1,275.0000
1186,1186,pilot_1,1,275.0000
1187,1187,address_1,1,275.0000
1188,1188,art_1,1,275.0000
1189,1189,book_press,1,275.0000
1190,1190,soccer_3,1,275.0000
1191,1191,bakery_1,0,276.0000
1192,1192,bakery_1,0,277.0000
1193,1193,real_estate_rentals,1,277.0000
1194,1194,book_review,1,277.0000
1195,1195,video_game,1,277.0000
1196,1196,book_press,0,278.0000
1197,1197,movie_2,1,278.0000
1198,1198,institution_sports,1,278.0000
1199,1199,real_estate_rentals,1,278.0000
1200,1200,region_building,1,278.0000
1201,1201,customers_and_orders,1,278.0000
1202,1202,car_road_race,0,279.0000
1203,1203,advertising_agencies,1,279.0000
1204,1204,bike_racing,1,279.0000
1205,1205,boat_1,1,279.0000
1206,1206,advertising_agencies,0,280.0000
1207,1207,address_1,1,280.0000
1208,1208,region_building,1,280.0000
1209,1209,art_1,0,281.0000
1210,1210,warehouse_1,1,281.0000
1211,1211,cre_Doc_and_collections,1,281.0000
1212,1212,soccer_3,1,281.0000
1213,1213,headphone_store,1,281.0000
1214,1214,cre_Doc_and_collections,1,281.0000
1215,1215,government_shift,0,282.0000
1216,1216,cre_Doc_Workflow,1,282.0000
1217,1217,cre_Students_Information_Systems,1,282.0000
1218,1218,pilot_1,1,282.0000
1219,1219,video_game,1,282.0000
1220,1220,pilot_1,0,283.0000
1221,1221,region_building,1,283.0000
1222,1222,online_exams,1,283.0000
1223,1223,bakery_1,0,284.0000
1224,1224,cre_Students_Information_Systems,1,284.0000
1225,1225,institution_sports,1,284.0000
1226,1226,book_1,0,285.0000
1227,1227,boat_1,1,285.0000
1228,1228,bakery_1,1,285.0000
1229,1229,online_exams,1,285.0000
1230,1230,planet_1,1,285.0000
1231,1231,warehouse_1,0,286.0000
1232,1232,cre_Doc_and_collections,0,287.0000
1233,1233,warehouse_1,0,288.0000
1234,1234,aan_1,1,288.0000
1235,1235,soccer_3,1,288.0000
1236,1236,bakery_1,0,289.0000
1237,1237,pilot_1,1,289.0000
1238,1238,customers_and_orders,1,289.0000
1239,1239,vehicle_rent,1,289.0000
1240,1240,aan_1,1,289.0000
1241,1241,advertising_agencies,1,289.0000
1242,1242,art_1,1,289.0000
1243,1243,university_rank,0,290.0000
1244,1244,online_exams,1,290.0000
1245,1245,government_shift,1,290.0000
1246,1246,headphone_store,1,290.0000
1247,1247,aan_1,0,291.0000
1248,1248,boat_1,1,291.0000
1249,1249,cre_Doc_and_collections,0,292.0000
1250,1250,district_spokesman,1,292.0000
1251,1251,bike_racing,1,292.0000
1252,1252,sing_contest,0,293.0000
1253,1253,region_building,1,293.0000
1254,1254,cre_Doc_and_collections,0,294.0000
1255,1255,bakery_1,0,295.0000
1256,1256,cre_Students_Information_Systems,0,296.0000
1257,1257,car_road_race,1,296.0000
1258,1258,boat_1,1,296.0000
1259,1259,restaurant_bills,1,296.0000
1260,1260,restaurant_bills,1,296.0000
1261,1261,headphone_store,1,296.0000
1262,1262,pilot_1,1,296.0000
1263,1263,advertising_agencies,1,296.0000
1264,1264,e_commerce,1,296.0000
1265,1265,art_1,1,296.0000
1266,1266,conference,1,296.0000
1267,1267,vehicle_rent,1,296.0000
1268,1268,book_1,1,296.0000
1269,1269,art_1,0,297.0000
1270,1270,advertising_agencies,1,297.0000
1271,1271,book_1,1,297.0000
1272,1272,online_exams,1,297.0000
1273,1273,e_commerce,0,298.0000
1274,1274,bakery_1,0,299.0000
1275,1275,government_shift,0,300.0000
1276,1276,book_press,0,301.0000
1277,1277,address_1,0,302.0000
1278,1278,cre_Doc_Workflow,1,302.0000
1279,1279,soccer_3,1,302.0000
1280,1280,institution_sports,1,302.0000
1281,1281,boat_1,1,302.0000
1282,1282,customers_and_orders,1,302.0000
1283,1283,restaurant_bills,1,302.0000
1284,1284,headphone_store,1,302.0000
1285,1285,real_estate_rentals,0,303.0000
1286,1286,sing_contest,1,303.0000
1287,1287,art_1,1,303.0000
1288,1288,pilot_1,0,304.0000
1289,1289,car_road_race,0,305.0000
1290,1290,real_estate_rentals,1,305.0000
1291,1291,warehouse_1,0,306.0000
1292,1292,cre_Doc_and_collections,1,306.0000
1293,1293,advertising_agencies,1,306.0000
1294,1294,region_building,1,306.0000
1295,1295,movie_2,0,307.0000
1296,1296,aan_1,1,307.0000
1297,1297,art_1,0,308.0000
1298,1298,government_shift,0,309.0000
1299,1299,online_exams,1,309.0000
1300,1300,cre_Students_Information_Systems,0,310.0000
1301,1301,boat_1,0,311.0000
1302,1302,real_estate_rentals,0,312.0000
1303,1303,warehouse_1,0,313.0000
1304,1304,country_language,1,313.0000
1305,1305,customers_and_orders,1,313.0000
1306,1306,art_1,0,314.0000
1307,1307,movie_2,0,315.0000
1308,1308,warehouse_1,1,315.0000
1309,1309,university_rank,1,315.0000
1310,1310,customers_and_orders,1,315.0000
1311,1311,headphone_store,0,316.0000
1312,1312,book_press,1,316.0000
1313,1313,bike_racing,1,316.0000
1314,1314,address_1,1,316.0000
1315,1315,university_rank,1,316.0000
1316,1316,institution_sports,1,316.0000
1317,1317,government_shift,0,317.0000
1318,1318,cre_Doc_and_collections,0,318.0000
1319,1319,online_exams,1,318.0000
1320,1320,bbc_channels,1,318.0000
1321,1321,e_commerce,1,318.0000
1322,1322,region_building,1,318.0000
1323,1323,address_1,1,318.0000
1324,1324,book_1,1,318.0000
1325,1325,real_estate_rentals,1,318.0000
1326,1326,cre_Students_Information_Systems,0,319.0000
1327,1327,book_press,0,320.0000
1328,1328,address_1,1,320.0000
1329,1329,art_1,1,320.0000
1330,1330,vehicle_driver,1,320.0000
1331,1331,movie_2,1,320.0000
1332,1332,book_press,0,321.0000
1333,1333,bakery_1,0,322.0000
1334,1334,bakery_1,0,323.0000
1335,1335,aan_1,1,323.0000
1336,1336,customers_and_orders,1,323.0000
1337,1337,planet_1,1,323.0000
1338,1338,address_1,1,323.0000
1339,1339,club_leader,1,323.0000
1340,1340,restaurant_bills,1,323.0000
1341,1341,art_1,0,324.0000
1342,1342,country_language,1,324.0000
1343,1343,pilot_1,1,324.0000
1344,1344,art_1,1,324.0000
1345,1345,university_rank,1,324.0000
1346,1346,pilot_1,1,324.0000
1347,1347,cre_Doc_Workflow,1,324.0000
1348,1348,address_1,1,324.0000
1349,1349,video_game,1,324.0000
1350,1350,advertising_agencies,1,324.0000
1351,1351,vehicle_rent,1,324.0000
1352,1352,cre_Students_Information_Systems,1,324.0000
1353,1353,online_exams,1,324.0000
1354,1354,district_spokesman,1,324.0000
1355,1355,advertising_agencies,1,324.0000
1356,1356,university_rank,1,324.0000
1357,1357,aan_1,0,325.0000
1358,1358,book_press,0,326.0000
1359,1359,sing_contest,0,327.0000
1360,1360,institution_sports,1,327.0000
1361,1361,pilot_1,1,327.0000
1362,1362,e_commerce,0,328.0000
1363,1363,region_building,1,328.0000
1364,1364,book_press,1,328.0000
1365,1365,customers_and_orders,1,328.0000
1366,1366,book_press,1,328.0000
1367,1367,online_exams,1,328.0000
1368,1368,boat_1,1,328.0000
1369,1369,conference,1,328.0000
1370,1370,address_1,0,329.0000
1371,1371,cre_Doc_Workflow,1,329.0000
1372,1372,real_estate_rentals,1,329.0000
1373,1373,advertising_agencies,1,329.0000
1374,1374,movie_2,1,329.0000
1375,1375,university_rank,1,329.0000
1376,1376,art_1,1,329.0000
1377,1377,cre_Students_Information_Systems,0,330.0000
1378,1378,cre_Doc_and_collections,1,330.0000
1379,1379,book_1,1,330.0000
1380,1380,video_game,1,330.0000
1381,1381,aan_1,1,330.0000
1382,1382,real_estate_rentals,1,330.0000
1383,1383,customers_and_orders,1,330.0000
1384,1384,bbc_channels,1,330.0000
1385,1385,customers_and_orders,1,330.0000
1386,1386,e_commerce,1,330.0000
1387,1387,book_1,0,331.0000
1388,1388,soccer_3,0,332.0000
1389,1389,headphone_store,1,332.0000
1390,1390,book_1,1,332.0000
1391,1391,art_1,1,332.0000
1392,1392,institution_sports,0,333.0000
1393,1393,soccer_3,1,333.0000
1394,1394,book_review,1,333.0000
1395,1395,vehicle_rent,1,333.0000
1396,1396,conference,0,334.0000
1397,1397,e_commerce,1,334.0000
1398,1398,book_1,0,335.0000
1399,1399,university_rank,0,336.0000
1400,1400,aan_1,1,336.0000
1401,1401,advertising_agencies,1,336.0000
1402,1402,boat_1,1,336.0000
1403,1403,car_racing,1,336.0000
1404,1404,cre_Doc_Workflow,1,336.0000
1405,1405,online_exams,0,337.0000
1406,1406,club_leader,1,337.0000
1407,1407,e_commerce,1,337.0000
1408,1408,book_press,1,337.0000
1409,1409,vehicle_driver,1,337.0000
1410,1410,cre_Students_Information_Systems,0,338.0000
1411,1411,cre_Doc_and_collections,0,339.0000
1412,1412,real_estate_rentals,0,340.0000
1413,1413,soccer_3,0,341.0000
1414,1414,planet_1,1,341.0000
1415,1415,book_press,1,341.0000
1416,1416,video_game,0,342.0000
1417,1417,online_exams,0,343.0000
1418,1418,conference,0,344.0000
1419,1419,restaurant_bills,1,344.0000
1420,1420,customers_and_orders,1,344.0000
1421,1421,online_exams,1,344.0000
1422,1422,boat_1,1,344.0000
1423,1423,real_estate_rentals,1,344.0000
1424,1424,real_estate_rentals,1,344.0000
1425,1425,vehicle_rent,1,344.0000
1426,1426,conference,1,344.0000
1427,1427,vehicle_driver,1,344.0000
1428,1428,restaurant_bills,1,344.0000
1429,1429,bakery_1,1,344.0000
1430,1430,vehicle_driver,1,344.0000
1431,1431,vehicle_rent,1,344.0000
1432,1432,cre_Doc_and_collections,1,344.0000
1433,1433,address_1,1,344.0000
1434,1434,e_commerce,0,345.0000
1435,1435,advertising_agencies,1,345.0000
1436,1436,sing_contest,1,345.0000
1437,1437,boat_1,1,345.0000
1438,1438,bike_racing,1,345.0000
1439,1439,art_1,0,346.0000
1440,1440,cre_Doc_Workflow,0,347.0000
1441,1441,art_1,0,348.0000
1442,1442,bakery_1,0,349.0000
1443,1443,car_racing,1,349.0000
1444,1444,cre_Doc_Workflow,1,349.0000
1445,1445,art_1,1,349.0000
1446,1446,car_road_race,1,349.0000
1447,1447,real_estate_rentals,0,350.0000
1448,1448,conference,1,350.0000
1449,1449,government_shift,0,351.0000
1450,1450,boat_1,1,351.0000
1451,1451,advertising_agencies,0,352.0000
1452,1452,e_commerce,1,352.0000
1453,1453,book_press,0,353.0000
1454,1454,book_1,1,353.0000
1455,1455,bakery_1,0,354.0000
1456,1456,bike_racing,0,355.0000
1457,1457,bakery_1,0,356.0000
1458,1458,boat_1,1,356.0000
1459,1459,cre_Students_Information_Systems,0,357.0000
1460,1460,aan_1,1,357.0000
1461,1461,book_1,0,358.0000
1462,1462,address_1,0,359.0000
1463,1463,art_1,1,359.0000
1464,1464,planet_1,0,360.0000
1465,1465,cre_Students_Information_Systems,0,361.0000
1466,1466,address_1,0,362.0000
1467,1467,video_game,1,362.0000
1468,1468,art_1,1,362.0000
1469,1469,movie_2,1,362.0000
1470,1470,country_language,0,363.0000
1471,1471,e_commerce,1,363.0000
1472,1472,art_1,0,364.0000
1473,1473,advertising_agencies,1,364.0000
1474,1474,vehicle_driver,0,365.0000
1475,1475,cre_Doc_Workflow,1,365.0000
1476,1476,headphone_store,1,365.0000
1477,1477,cre_Doc_Workflow,1,365.0000
1478,1478,conference,0,366.0000
1479,1479,boat_1,1,366.0000
1480,1480,government_shift,0,367.0000
1481,1481,vehicle_rent,1,367.0000
1482,1482,aan_1,0,368.0000
1483,1483,aan_1,0,369.0000
1484,1484,government_shift,0,370.0000
1485,1485,video_game,1,370.0000
1486,1486,real_estate_rentals,0,371.0000
1487,1487,car_road_race,1,371.0000
1488,1488,address_1,1,371.0000
1489,1489,restaurant_bills,1,371.0000
1490,1490,boat_1,0,372.0000
1491,1491,university_rank,0,373.0000
1492,1492,movie_2,0,374.0000
1493,1493,address_1,1,374.0000
1494,1494,advertising_agencies,1,374.0000
1495,1495,video_game,0,375.0000
1496,1496,address_1,1,375.0000
1497,1497,book_review,1,375.0000
1498,1498,car_racing,1,375.0000
1499,1499,vehicle_driver,0,376.0000
1500,1500,cre_Doc_Workflow,1,376.0000
1501,1501,aan_1,0,377.0000
1502,1502,customers_and_orders,1,377.0000
1503,1503,advertising_agencies,1,377.0000
1504,1504,advertising_agencies,0,378.0000
1505,1505,book_press,1,378.0000
1506,1506,customers_and_orders,1,378.0000
1507,1507,headphone_store,1,378.0000
1508,1508,vehicle_driver,1,378.0000
1509,1509,club_leader,1,378.0000
1510,1510,cre_Students_Information_Systems,0,379.0000
1511,1511,cre_Students_Information_Systems,1,379.0000
1512,1512,real_estate_rentals,0,380.0000
1513,1513,real_estate_rentals,0,381.0000
1514,1514,cre_Doc_and_collections,0,382.0000
1515,1515,book_1,0,383.0000
1516,1516,warehouse_1,1,383.0000
1517,1517,bbc_channels,1,383.0000
1518,1518,advertising_agencies,1,383.0000
1519,1519,e_commerce,0,384.0000
1520,1520,advertising_agencies,1,384.0000
1521,1521,warehouse_1,0,385.0000
1522,1522,cre_Students_Information_Systems,0,386.0000
1523,1523,aan_1,0,387.0000
1524,1524,cre_Doc_and_collections,0,388.0000
1525,1525,planet_1,0,389.0000
1526,1526,book_1,1,389.0000
1527,1527,advertising_agencies,1,389.0000
1528,1528,boat_1,1,389.0000
1529,1529,art_1,0,390.0000
1530,1530,planet_1,1,390.0000
1531,1531,aan_1,1,390.0000
1532,1532,address_1,0,391.0000
1533,1533,sing_contest,0,392.0000
1534,1534,advertising_agencies,0,393.0000
1535,1535,university_rank,1,393.0000
1536,1536,club_leader,1,393.0000
1537,1537,car_racing,0,394.0000
1538,1538,club_leader,1,394.0000
1539,1539,cre_Doc_Workflow,1,394.0000
1540,1540,e_commerce,1,394.0000
1541,1541,conference,0,395.0000
1542,1542,book_1,1,395.0000
1543,1543,aan_1,0,396.0000
1544,1544,real_estate_rentals,0,397.0000
1545,1545,video_game,1,397.0000
1546,1546,headphone_store,1,397.0000
1547,1547,cre_Doc_and_collections,1,397.0000
1548,1548,district_spokesman,1,397.0000
1549,1549,vehicle_rent,1,397.0000
1550,1550,cre_Doc_and_collections,0,398.0000
1551,1551,district_spokesman,1,398.0000
1552,1552,warehouse_1,1,398.0000
1553,1553,boat_1,1,398.0000
1554,1554,art_1,1,398.0000
1555,1555,planet_1,0,399.0000
1556,1556,address_1,0,400.0000
1557,1557,pilot_1,1,400.0000
1558,1558,vehicle_rent,0,401.0000
1559,1559,warehouse_1,0,402.0000
1560,1560,vehicle_driver,0,403.0000
1561,1561,tv_shows,1,403.0000
1562,1562,restaurant_bills,1,403.0000
1563,1563,advertising_agencies,1,403.0000
1564,1564,aan_1,0,404.0000
1565,1565,university_rank,1,404.0000
1566,1566,online_exams,1,404.0000
1567,1567,restaurant_bills,1,404.0000
1568,1568,customers_and_orders,1,404.0000
1569,1569,planet_1,0,405.0000
1570,1570,book_1,1,405.0000
1571,1571,region_building,1,405.0000
1572,1572,district_spokesman,1,405.0000
1573,1573,bakery_1,0,406.0000
1574,1574,book_press,0,407.0000
1575,1575,district_spokesman,1,407.0000
1576,1576,cre_Doc_Workflow,1,407.0000
1577,1577,headphone_store,0,408.0000
1578,1578,warehouse_1,1,408.0000
1579,1579,warehouse_1,1,408.0000
1580,1580,movie_2,1,408.0000
1581,1581,real_estate_rentals,0,409.0000
1582,1582,bakery_1,1,409.0000
1583,1583,book_1,1,409.0000
1584,1584,restaurant_bills,1,409.0000
1585,1585,online_exams,1,409.0000
1586,1586,customers_and_orders,1,409.0000
1587,1587,soccer_3,1,409.0000
1588,1588,institution_sports,0,410.0000
1589,1589,movie_2,1,410.0000
1590,1590,planet_1,0,411.0000
1591,1591,pilot_1,1,411.0000
1592,1592,headphone_store,1,411.0000
1593,1593,country_language,1,411.0000
1594,1594,warehouse_1,1,411.0000
1595,1595,real_estate_rentals,0,412.0000
1596,1596,cre_Doc_and_collections,0,413.0000
1597,1597,address_1,0,414.0000
1598,1598,art_1,0,415.0000
1599,1599,region_building,1,415.0000
1600,1600,art_1,1,415.0000
1601,1601,club_leader,1,415.0000
1602,1602,address_1,1,415.0000
1603,1603,tv_shows,1,415.0000
1604,1604,aan_1,0,416.0000
1605,1605,car_racing,0,417.0000
1606,1606,movie_2,0,418.0000
1607,1607,cre_Students_Information_Systems,0,419.0000
1608,1608,book_1,1,419.0000
1609,1609,planet_1,1,419.0000
1610,1610,pilot_1,1,419.0000
1611,1611,bakery_1,1,419.0000
1612,1612,institution_sports,1,419.0000
1613,1613,real_estate_rentals,0,420.0000
1614,1614,book_1,0,421.0000
1615,1615,e_commerce,0,422.0000
1616,1616,vehicle_rent,1,422.0000
1617,1617,country_language,1,422.0000
1618,1618,conference,0,423.0000
1619,1619,video_game,1,423.0000
1620,1620,aan_1,0,424.0000
1621,1621,aan_1,1,424.0000
1622,1622,car_racing,1,424.0000
1623,1623,planet_1,0,425.0000
1624,1624,institution_sports,1,425.0000
1625,1625,cre_Doc_and_collections,1,425.0000
1626,1626,cre_Doc_Workflow,1,425.0000
1627,1627,planet_1,0,426.0000
1628,1628,cre_Doc_Workflow,1,426.0000
1629,1629,advertising_agencies,1,426.0000
1630,1630,video_game,1,426.0000
1631,1631,book_1,1,426.0000
1632,1632,art_1,0,427.0000
1633,1633,advertising_agencies,1,427.0000
1634,1634,vehicle_driver,1,427.0000
1635,1635,book_review,1,427.0000
1636,1636,movie_2,0,428.0000
1637,1637,vehicle_driver,0,429.0000
1638,1638,address_1,1,429.0000
1639,1639,e_commerce,0,430.0000
1640,1640,cre_Students_Information_Systems,0,431.0000
1641,1641,headphone_store,1,431.0000
1642,1642,movie_2,0,432.0000
1643,1643,planet_1,1,432.0000
1644,1644,customers_and_orders,1,432.0000
1645,1645,vehicle_rent,1,432.0000
1646,1646,video_game,0,433.0000
1647,1647,vehicle_driver,0,434.0000
1648,1648,address_1,1,434.0000
1649,1649,book_1,1,434.0000
1650,1650,book_1,1,434.0000
1651,1651,cre_Students_Information_Systems,0,435.0000
1652,1652,movie_2,0,436.0000
1653,1653,aan_1,0,437.0000
1654,1654,vehicle_driver,1,437.0000
1655,1655,warehouse_1,0,438.0000
1656,1656,restaurant_bills,1,438.0000
1657,1657,warehouse_1,0,439.0000
1658,1658,cre_Students_Information_Systems,0,440.0000
1659,1659,art_1,0,441.0000
1660,1660,aan_1,0,442.0000
1661,1661,customers_and_orders,0,443.0000
1662,1662,book_press,0,444.0000
1663,1663,conference,1,444.0000
1664,1664,e_commerce,0,445.0000
1665,1665,advertising_agencies,0,446.0000
1666,1666,car_road_race,1,446.0000
1667,1667,university_rank,0,447.0000
1668,1668,boat_1,1,447.0000
1669,1669,bakery_1,1,447.0000
1670,1670,boat_1,0,448.0000
1671,1671,vehicle_driver,1,448.0000
1672,1672,bakery_1,1,448.0000
1673,1673,movie_2,0,449.0000
1674,1674,government_shift,1,449.0000
1675,1675,art_1,0,450.0000
1676,1676,country_language,0,451.0000
1677,1677,cre_Doc_and_collections,0,452.0000
1678,1678,e_commerce,1,452.0000
1679,1679,movie_2,0,453.0000
1680,1680,bakery_1,0,454.0000
1681,1681,car_racing,0,455.0000
1682,1682,advertising_agencies,1,455.0000
1683,1683,book_1,1,455.0000
1684,1684,advertising_agencies,0,456.0000
1685,1685,boat_1,1,456.0000
1686,1686,government_shift,1,456.0000
1687,1687,pilot_1,0,457.0000
1688,1688,car_racing,0,458.0000
1689,1689,art_1,0,459.0000
1690,1690,book_1,1,459.0000
1691,1691,address_1,1,459.0000
1692,1692,vehicle_rent,1,459.0000
1693,1693,district_spokesman,0,460.0000
1694,1694,pilot_1,1,460.0000
1695,1695,planet_1,1,460.0000
1696,1696,warehouse_1,0,461.0000
1697,1697,car_road_race,0,462.0000
1698,1698,online_exams,1,462.0000
1699,1699,art_1,1,462.0000
1700,1700,bakery_1,1,462.0000
1701,1701,customers_and_orders,1,462.0000
1702,1702,institution_sports,0,463.0000
1703,1703,conference,1,463.0000
1704,1704,address_1,0,464.0000
1705,1705,customers_and_orders,0,465.0000
1706,1706,sing_contest,1,465.0000
1707,1707,vehicle_rent,1,465.0000
1708,1708,e_commerce,1,465.0000
1709,1709,country_language,1,465.0000
1710,1710,warehouse_1,0,466.0000
1711,1711,advertising_agencies,1,466.0000
1712,1712,warehouse_1,1,466.0000
1713,1713,online_exams,0,467.0000
1714,1714,book_press,0,468.0000
1715,1715,bakery_1,1,468.0000
1716,1716,e_commerce,0,469.0000
1717,1717,warehouse_1,1,469.0000
1718,1718,planet_1,0,470.0000
1719,1719,art_1,0,471.0000
1720,1720,art_1,0,472.0000
1721,1721,video_game,0,473.0000
1722,1722,cre_Students_Information_Systems,0,474.0000
1723,1723,art_1,0,475.0000
1724,1724,address_1,1,475.0000
1725,1725,university_rank,1,475.0000
1726,1726,government_shift,0,476.0000
1727,1727,pilot_1,0,477.0000
1728,1728,tv_shows,1,477.0000
1729,1729,restaurant_bills,0,478.0000
1730,1730,vehicle_rent,1,478.0000
1731,1731,headphone_store,0,479.0000
1732,1732,region_building,1,479.0000
1733,1733,customers_and_orders,1,479.0000
1734,1734,aan_1,0,480.0000
1735,1735,vehicle_driver,0,481.0000
1736,1736,bakery_1,0,482.0000
1737,1737,customers_and_orders,0,483.0000
1738,1738,cre_Doc_Workflow,1,483.0000
1739,1739,cre_Students_Information_Systems,0,484.0000
1740,1740,advertising_agencies,0,485.0000
1741,1741,warehouse_1,0,486.0000
1742,1742,warehouse_1,0,487.0000
1743,1743,university_rank,0,488.0000
1744,1744,cre_Doc_and_collections,0,489.0000
1745,1745,region_building,1,489.0000
1746,1746,cre_Students_Information_Systems,0,490.0000
1747,1747,advertising_agencies,0,491.0000
1748,1748,bakery_1,0,492.0000
1749,1749,real_estate_rentals,0,493.0000
1750,1750,real_estate_rentals,0,494.0000
1751,1751,headphone_store,1,494.0000
1752,1752,art_1,0,495.0000
1753,1753,headphone_store,0,496.0000
1754,1754,customers_and_orders,1,496.0000
1755,1755,institution_sports,0,497.0000
1756,1756,address_1,0,498.0000
1757,1757,book_review,0,499.0000
1758,1758,real_estate_rentals,1,499.0000
1759,1759,address_1,0,500.0000
1760,1760,aan_1,0,501.0000
1761,1761,book_1,1,501.0000
1762,1762,book_review,0,502.0000
1763,1763,university_rank,0,503.0000
1764,1764,bakery_1,0,504.0000
1765,1765,pilot_1,0,505.0000
1766,1766,vehicle_rent,0,506.0000
1767,1767,car_road_race,0,507.0000
1768,1768,pilot_1,0,508.0000
1769,1769,cre_Doc_Workflow,0,509.0000
1770,1770,boat_1,0,510.0000
1771,1771,warehouse_1,0,511.0000
1772,1772,cre_Students_Information_Systems,0,512.0000
1773,1773,cre_Doc_Workflow,0,513.0000
1774,1774,cre_Students_Information_Systems,0,514.0000
1775,1775,online_exams,0,515.0000
1776,1776,conference,0,516.0000
1777,1777,headphone_store,0,517.0000
1778,1778,planet_1,0,518.0000
1779,1779,movie_2,0,519.0000
1780,1780,government_shift,0,520.0000
1781,1781,art_1,0,521.0000
1782,1782,movie_2,0,522.0000
1783,1783,aan_1,0,523.0000
1784,1784,headphone_store,0,524.0000
1785,1785,aan_1,0,525.0000
1786,1786,government_shift,0,526.0000
1787,1787,movie_2,0,527.0000
1788,1788,real_estate_rentals,0,528.0000
1789,1789,bakery_1,0,529.0000
1790,1790,video_game,0,530.0000
1791,1791,address_1,0,531.0000
1792,1792,warehouse_1,0,532.0000
1793,1793,headphone_store,0,533.0000
1794,1794,book_1,0,534.0000
1795,1795,cre_Students_Information_Systems,0,535.0000
1796,1796,cre_Doc_and_collections,0,536.0000
1797,1797,soccer_3,0,537.0000
1798,1798,district_spokesman,0,538.0000
1799,1799,soccer_3,0,539.0000
1800,1800,conference,0,540.0000
1801,1801,customers_and_orders,0,541.0000
1802,1802,art_1,0,542.0000
1803,1803,bakery_1,0,543.0000
1804,1804,car_road_race,0,544.0000
1805,1805,e_commerce,0,545.0000
1806,1806,pilot_1,0,546.0000
1807,1807,bakery_1,0,547.0000
1808,1808,e_commerce,0,548.0000
1809,1809,bakery_1,0,549.0000
1810,1810,car_racing,0,550.0000
1811,1811,country_language,0,551.0000
1812,1812,aan_1,0,552.0000
1813,1813,planet_1,0,553.0000
1814,1814,cre_Doc_and_collections,0,554.0000
1815,1815,art_1,0,555.0000
1816,1816,boat_1,0,556.0000
1817,1817,university_rank,0,557.0000
1818,1818,warehouse_1,0,558.0000
1819,1819,planet_1,0,559.0000
1820,1820,warehouse_1,0,560.0000
1821,1821,address_1,0,561.0000
1822,1822,book_1,0,562.0000
1823,1823,cre_Students_Information_Systems,0,563.0000
1824,1824,planet_1,0,564.0000
1825,1825,institution_sports,0,565.0000
1826,1826,cre_Students_Information_Systems,0,566.0000
1827,1827,club_leader,0,567.0000
1828,1828,movie_2,0,568.0000
1829,1829,pilot_1,0,569.0000
1830,1830,aan_1,0,570.0000
1831,1831,customers_and_orders,0,571.0000
1832,1832,address_1,0,572.0000
1833,1833,address_1,0,573.0000
1834,1834,car_road_race,0,574.0000
1835,1835,bakery_1,0,575.0000
1836,1836,art_1,0,576.0000
1837,1837,online_exams,0,577.0000
1838,1838,customers_and_orders,0,578.0000
1839,1839,planet_1,0,579.0000
1840,1840,cre_Doc_Workflow,0,580.0000
1841,1841,art_1,0,581.0000
1842,1842,planet_1,0,582.0000
1843,1843,institution_sports,0,583.0000
1844,1844,vehicle_driver,0,584.0000
1845,1845,movie_2,0,585.0000
1846,1846,customers_and_orders,0,586.0000
1847,1847,aan_1,0,587.0000
1848,1848,movie_2,0,588.0000
1849,1849,art_1,0,589.0000
1850,1850,sing_contest,0,590.0000
1851,1851,e_commerce,0,591.0000
1852,1852,cre_Doc_and_collections,0,592.0000
1853,1853,pilot_1,0,593.0000
1854,1854,bakery_1,0,594.0000
1855,1855,art_1,0,595.0000
1856,1856,warehouse_1,0,596.0000
1857,1857,advertising_agencies,0,597.0000
1858,1858,pilot_1,0,598.0000
1859,1859,book_1,0,599.0000
1860,1860,e_commerce,0,600.0000
1861,1861,conference,0,601.0000
1862,1862,cre_Students_Information_Systems,0,602.0000
1863,1863,boat_1,0,603.0000
1864,1864,advertising_agencies,0,604.0000
1865,1865,cre_Students_Information_Systems,0,605.0000
1866,1866,university_rank,0,606.0000
1867,1867,warehouse_1,0,607.0000
1868,1868,art_1,0,608.0000
1869,1869,address_1,0,609.0000
1870,1870,address_1,0,610.0000
1871,1871,book_1,0,611.0000
1872,1872,book_review,0,612.0000
1873,1873,institution_sports,0,613.0000
1874,1874,advertising_agencies,0,614.0000
1875,1875,bakery_1,0,615.0000
1876,1876,book_review,0,616.0000
1877,1877,address_1,0,617.0000
1878,1878,government_shift,0,618.0000
1879,1879,planet_1,0,619.0000
1880,1880,bakery_1,0,620.0000
1881,1881,book_press,0,621.0000
1882,1882,planet_1,0,622.0000
1883,1883,art_1,0,623.0000
1884,1884,pilot_1,0,624.0000
1885,1885,car_road_race,0,625.0000
1886,1886,boat_1,0,626.0000
1887,1887,real_estate_rentals,0,627.0000
1888,1888,car_road_race,0,628.0000
1889,1889,vehicle_driver,0,629.0000
1890,1890,planet_1,0,630.0000
1891,1891,book_1,0,631.0000
1892,1892,university_rank,0,632.0000
1893,1893,bbc_channels,0,633.0000
1894,1894,headphone_store,0,634.0000
1895,1895,real_estate_rentals,0,635.0000
1896,1896,government_shift,0,636.0000
1897,1897,vehicle_driver,0,637.0000
1898,1898,cre_Students_Information_Systems,0,638.0000
1899,1899,cre_Doc_Workflow,0,639.0000
1900,1900,address_1,0,640.0000
1901,1901,art_1,0,641.0000
1902,1902,vehicle_rent,0,642.0000
1903,1903,institution_sports,0,643.0000
1904,1904,bakery_1,0,644.0000
1905,1905,planet_1,0,645.0000
1906,1906,tv_shows,0,646.0000
1907,1907,boat_1,0,647.0000
1908,1908,customers_and_orders,0,648.0000
1909,1909,conference,0,649.0000
1910,1910,art_1,0,650.0000
1911,1911,soccer_3,0,651.0000
1912,1912,vehicle_rent,0,652.0000
1913,1913,warehouse_1,0,653.0000
1914,1914,aan_1,0,654.0000
1915,1915,book_1,0,655.0000
1916,1916,address_1,0,656.0000
1917,1917,car_road_race,0,657.0000
1918,1918,planet_1,0,658.0000
1919,1919,warehouse_1,0,659.0000
1920,1920,headphone_store,0,660.0000
1921,1921,soccer_3,0,661.0000
1922,1922,car_road_race,0,662.0000
1923,1923,planet_1,0,663.0000
1924,1924,cre_Doc_and_collections,0,664.0000
1925,1925,bakery_1,0,665.0000
1926,1926,bakery_1,0,666.0000
1927,1927,district_spokesman,0,667.0000
1928,1928,advertising_agencies,0,668.0000
1929,1929,address_1,0,669.0000
1930,1930,e_commerce,0,670.0000
1931,1931,boat_1,0,671.0000
1932,1932,region_building,0,672.0000
1933,1933,cre_Students_Information_Systems,0,673.0000
1934,1934,district_spokesman,0,674.0000
1935,1935,country_language,0,675.0000
1936,1936,pilot_1,0,676.0000
1937,1937,art_1,0,677.0000
1938,1938,cre_Students_Information_Systems,0,678.0000
1939,1939,aan_1,0,679.0000
1940,1940,art_1,0,680.0000
1941,1941,vehicle_rent,0,681.0000
1942,1942,art_1,0,682.0000
1943,1943,conference,0,683.0000
1944,1944,region_building,0,684.0000
1945,1945,customers_and_orders,0,685.0000
1946,1946,aan_1,0,686.0000
1947,1947,art_1,0,687.0000
1948,1948,video_game,0,688.0000
1949,1949,car_racing,0,689.0000
1950,1950,bakery_1,0,690.0000
1951,1951,pilot_1,0,691.0000
1952,1952,art_1,0,692.0000
1953,1953,boat_1,0,693.0000
1954,1954,sing_contest,0,694.0000
1955,1955,government_shift,0,695.0000
1956,1956,planet_1,0,696.0000
1957,1957,art_1,0,697.0000
1958,1958,bakery_1,0,698.0000
1959,1959,real_estate_rentals,0,699.0000
1960,1960,video_game,0,700.0000
1961,1961,conference,0,701.0000
1962,1962,customers_and_orders,0,702.0000
1963,1963,aan_1,0,703.0000
1964,1964,aan_1,0,704.0000
1965,1965,address_1,0,705.0000
1966,1966,video_game,0,706.0000
1967,1967,video_game,0,707.0000
1968,1968,bakery_1,0,708.0000
1969,1969,vehicle_driver,0,709.0000
1970,1970,government_shift,0,710.0000
1971,1971,art_1,0,711.0000
1972,1972,online_exams,0,712.0000
1973,1973,car_racing,0,713.0000
1974,1974,warehouse_1,0,714.0000
1975,1975,pilot_1,0,715.0000
1976,1976,cre_Students_Information_Systems,0,716.0000
1977,1977,aan_1,0,717.0000
1978,1978,cre_Doc_and_collections,0,718.0000
1979,1979,book_1,0,719.0000
1980,1980,district_spokesman,0,720.0000
1981,1981,boat_1,0,721.0000
1982,1982,online_exams,0,722.0000
1983,1983,region_building,0,723.0000
1984,1984,cre_Students_Information_Systems,0,724.0000
1985,1985,art_1,0,725.0000
1986,1986,e_commerce,0,726.0000
1987,1987,car_racing,0,727.0000
1988,1988,bakery_1,0,728.0000
1989,1989,government_shift,0,729.0000
1990,1990,art_1,0,730.0000
1991,1991,bakery_1,0,731.0000
1992,1992,car_racing,0,732.0000
1993,1993,advertising_agencies,0,733.0000
1994,1994,vehicle_rent,0,734.0000
1995,1995,address_1,0,735.0000
1996,1996,cre_Doc_Workflow,0,736.0000
1997,1997,aan_1,0,737.0000
1998,1998,aan_1,0,738.0000
1999,1999,pilot_1,0,739.0000
2000,2000,book_1,0,740.0000
2001,2001,bakery_1,0,741.0000
2002,2002,cre_Students_Information_Systems,0,742.0000
2003,2003,region_building,0,743.0000
2004,2004,e_commerce,0,744.0000
2005,2005,boat_1,0,745.0000
2006,2006,cre_Doc_Workflow,0,746.0000
2007,2007,aan_1,0,747.0000
2008,2008,country_language,0,748.0000
2009,2009,planet_1,0,749.0000
2010,2010,address_1,0,750.0000
2011,2011,address_1,0,751.0000
2012,2012,real_estate_rentals,0,752.0000
2013,2013,real_estate_rentals,0,753.0000
2014,2014,book_1,0,754.0000
2015,2015,soccer_3,0,755.0000
2016,2016,real_estate_rentals,0,756.0000
2017,2017,government_shift,0,757.0000
2018,2018,cre_Doc_and_collections,0,758.0000
2019,2019,bike_racing,0,759.0000
2020,2020,cre_Students_Information_Systems,0,760.0000
2021,2021,planet_1,0,761.0000
2022,2022,institution_sports,0,762.0000
2023,2023,restaurant_bills,0,763.0000
2024,2024,art_1,0,764.0000
2025,2025,country_language,0,765.0000
2026,2026,restaurant_bills,0,766.0000
2027,2027,planet_1,0,767.0000
2028,2028,vehicle_rent,0,768.0000
2029,2029,cre_Students_Information_Systems,0,769.0000
2030,2030,e_commerce,0,770.0000
2031,2031,cre_Doc_Workflow,0,771.0000
2032,2032,address_1,0,772.0000
2033,2033,vehicle_rent,0,773.0000
2034,2034,country_language,0,774.0000
2035,2035,customers_and_orders,0,775.0000
2036,2036,boat_1,0,776.0000
2037,2037,cre_Students_Information_Systems,0,777.0000
2038,2038,conference,0,778.0000
2039,2039,car_racing,0,779.0000
2040,2040,country_language,0,780.0000
2041,2041,bakery_1,0,781.0000
2042,2042,art_1,0,782.0000
2043,2043,cre_Doc_and_collections,0,783.0000
2044,2044,e_commerce,0,784.0000
2045,2045,pilot_1,0,785.0000
2046,2046,boat_1,0,786.0000
2047,2047,real_estate_rentals,0,787.0000
2048,2048,advertising_agencies,0,788.0000
2049,2049,book_1,0,789.0000
2050,2050,real_estate_rentals,0,790.0000
2051,2051,e_commerce,0,791.0000
2052,2052,country_language,0,792.0000
2053,2053,advertising_agencies,0,793.0000
2054,2054,aan_1,0,794.0000
2055,2055,region_building,0,795.0000
2056,2056,headphone_store,0,796.0000
2057,2057,book_1,0,797.0000
2058,2058,cre_Doc_and_collections,0,798.0000
2059,2059,bakery_1,0,799.0000
2060,2060,soccer_3,0,800.0000
2061,2061,car_racing,0,801.0000
2062,2062,cre_Students_Information_Systems,0,802.0000
2063,2063,car_road_race,0,803.0000
2064,2064,boat_1,0,804.0000
2065,2065,real_estate_rentals,0,805.0000
2066,2066,car_road_race,0,806.0000
2067,2067,country_language,0,807.0000
2068,2068,bakery_1,0,808.0000
2069,2069,car_road_race,0,809.0000
2070,2070,district_spokesman,0,810.0000
2071,2071,boat_1,0,811.0000
2072,2072,customers_and_orders,0,812.0000
2073,2073,car_racing,0,813.0000
2074,2074,warehouse_1,0,814.0000
2075,2075,movie_2,0,815.0000
2076,2076,cre_Doc_Workflow,0,816.0000
2077,2077,e_commerce,0,817.0000
2078,2078,bakery_1,0,818.0000
2079,2079,cre_Doc_and_collections,0,819.0000
2080,2080,car_racing,0,820.0000
2081,2081,art_1,0,821.0000
2082,2082,aan_1,0,822.0000
2083,2083,book_press,0,823.0000
2084,2084,bakery_1,0,824.0000
2085,2085,bakery_1,0,825.0000
2086,2086,customers_and_orders,0,826.0000
2087,2087,customers_and_orders,0,827.0000
2088,2088,region_building,0,828.0000
2089,2089,book_press,0,829.0000
2090,2090,art_1,0,830.0000
2091,2091,e_commerce,0,831.0000
2092,2092,e_commerce,0,832.0000
2093,2093,vehicle_rent,0,833.0000
2094,2094,cre_Doc_and_collections,0,834.0000
2095,2095,institution_sports,0,835.0000
2096,2096,book_1,0,836.0000
2097,2097,cre_Doc_and_collections,0,837.0000
2098,2098,cre_Doc_and_collections,0,838.0000
2099,2099,bakery_1,0,839.0000
2100,2100,e_commerce,0,840.0000
2101,2101,institution_sports,0,841.0000
2102,2102,vehicle_driver,0,842.0000
2103,2103,bakery_1,0,843.0000
2104,2104,cre_Students_Information_Systems,0,844.0000
2105,2105,restaurant_bills,0,845.0000
2106,2106,customers_and_orders,0,846.0000
2107,2107,book_press,0,847.0000
2108,2108,book_1,0,848.0000
2109,2109,conference,0,849.0000
2110,2110,conference,0,850.0000
2111,2111,movie_2,0,851.0000
2112,2112,book_1,0,852.0000
2113,2113,video_game,0,853.0000
2114,2114,art_1,0,854.0000
2115,2115,aan_1,0,855.0000
2116,2116,bakery_1,0,856.0000
2117,2117,address_1,0,857.0000
2118,2118,pilot_1,0,858.0000
2119,2119,warehouse_1,0,859.0000
2120,2120,aan_1,0,860.0000
2121,2121,book_1,0,861.0000
2122,2122,sing_contest,0,862.0000
2123,2123,aan_1,0,863.0000
2124,2124,art_1,0,864.0000
2125,2125,advertising_agencies,0,865.0000
2126,2126,customers_and_orders,0,866.0000
2127,2127,customers_and_orders,0,867.0000
2128,2128,book_press,0,868.0000
2129,2129,region_building,0,869.0000
2130,2130,vehicle_driver,0,870.0000
2131,2131,advertising_agencies,0,871.0000
2132,2132,cre_Doc_and_collections,0,872.0000
2133,2133,e_commerce,0,873.0000
2134,2134,customers_and_orders,0,874.0000
2135,2135,cre_Doc_and_collections,0,875.0000
2136,2136,planet_1,0,876.0000
2137,2137,pilot_1,0,877.0000
2138,2138,sing_contest,0,878.0000
2139,2139,boat_1,0,879.0000
2140,2140,vehicle_rent,0,880.0000
2141,2141,cre_Students_Information_Systems,0,881.0000
2142,2142,bakery_1,0,882.0000
2143,2143,cre_Doc_and_collections,0,883.0000
2144,2144,bakery_1,0,884.0000
2145,2145,car_racing,0,885.0000
2146,2146,institution_sports,0,886.0000
